"row_id","project_id","cost_code","period_month","budgeted_cost","earned_value","actual_cost","cpi","spi"
"COST000001","PRJ001","LAB-CARP","2024-10-01","11600000","11866878","12263504","0.97","1.02"
"COST000002","PRJ001","LAB-FIN","2024-11-01","5500000","5843153","4971499","1.18","1.06"
"COST000003","PRJ001","MAT-STEEL","2024-12-01","9800000","9476047","9334559","1.02","0.97"
"COST000004","PRJ001","MAT-FIN","2025-01-01","2700000","2792881","2805123","1","1.03"
"COST000005","PRJ001","EQP-EARTH","2025-02-01","1000000","1026734","1076581","0.95","1.03"
"COST000006","PRJ001","MAT-STEEL","2025-03-01","14400000","10625004","17082528","0.62","0.74"
"COST000007","PRJ001","SUB-WTR","2025-04-01","13400000","13486569","11809974","1.14","1.01"
"COST000008","PRJ001","OVH-QA","2025-05-01","11000000","10907484","12056149","0.9","0.99"
"COST000009","PRJ001","OVH-ADM","2025-06-01","17200000","16206390","18370911","0.88","0.94"
"COST000010","PRJ001","LAB-MEP","2025-07-01","2800000","2922441","2630896","1.11","1.04"
"COST000011","PRJ001","MAT-CEM","2025-08-01","1800000","1681099","1682209","1","0.93"
"COST000012","PRJ001","MAT-BLK","2025-09-01","11200000","10301879","10606150","0.97","0.92"
"COST000013","PRJ001","EQP-PUMP","2025-10-01","1600000","1567415","1686450","0.93","0.98"
"COST000014","PRJ001","EQP-SCAF","2025-11-01","8100000","8005193","8734693","0.92","0.99"
"COST000015","PRJ001","EQP-CRANE","2025-12-01","9200000","5812539","12190432","0.48","0.63"
"COST000016","PRJ001","OVH-SITE","2026-01-01","17200000","15464306","16253820","0.95","0.9"
"COST000017","PRJ001","OVH-UTIL","2026-02-01","3000000","2682374","3043542","0.88","0.89"
"COST000018","PRJ001","LAB-REBR","2026-03-01","10300000","9639326","9556617","1.01","0.94"
"COST000019","PRJ001","LAB-SAF","2026-04-01","16700000","14852056","15557820","0.95","0.89"
"COST000020","PRJ001","MAT-AGG","2026-05-01","14100000","13494727","12801573","1.05","0.96"
"COST000021","PRJ001","EQP-CRANE","2026-06-01","11800000","12105808","12840676","0.94","1.03"
"COST000022","PRJ001","EQP-GEN","2026-07-01","9900000","9260905","10014028","0.92","0.94"
"COST000023","PRJ001","SUB-MEP","2026-08-01","6400000","5876275","6762067","0.87","0.92"
"COST000024","PRJ001","SUB-STRC","2026-09-01","17800000","12417496","22701341","0.55","0.7"
"COST000025","PRJ001","OVH-HSE","2024-10-01","1500000","1446612","1450052","1","0.96"
"COST000026","PRJ001","LAB-CARP","2024-11-01","11600000","11877282","11859824","1","1.02"
"COST000027","PRJ001","LAB-FIN","2024-12-01","2800000","2966322","3028816","0.98","1.06"
"COST000028","PRJ001","MAT-STEEL","2025-01-01","7000000","7189967","6744441","1.07","1.03"
"COST000029","PRJ001","MAT-FIN","2025-02-01","17100000","17919796","16307767","1.1","1.05"
"COST000030","PRJ001","EQP-EARTH","2025-03-01","11000000","10775876","10882325","0.99","0.98"
"COST000031","PRJ001","SUB-STRC","2025-04-01","15700000","16323067","15593924","1.05","1.04"
"COST000032","PRJ001","SUB-WTR","2025-05-01","16200000","16806299","16085974","1.04","1.04"
"COST000033","PRJ001","MAT-STEEL","2025-06-01","17100000","12631817","22976511","0.55","0.74"
"COST000034","PRJ001","OVH-ADM","2025-07-01","12300000","11879920","11874409","1","0.97"
"COST000035","PRJ001","LAB-MEP","2025-08-01","1200000","1094449","1182568","0.93","0.91"
"COST000036","PRJ001","MAT-CEM","2025-09-01","10100000","9226549","11030125","0.84","0.91"
"COST000037","PRJ001","MAT-BLK","2025-10-01","7200000","6345950","7895031","0.8","0.88"
"COST000038","PRJ001","EQP-PUMP","2025-11-01","8600000","8527806","7624248","1.12","0.99"
"COST000039","PRJ001","EQP-SCAF","2025-12-01","16200000","15191643","14387578","1.06","0.94"
"COST000040","PRJ001","SUB-FACADE","2026-01-01","16200000","16258117","16679079","0.97","1"
"COST000041","PRJ002","MAT-AGG","2024-11-01","5600000","5993715","5721040","1.05","1.07"
"COST000042","PRJ002","EQP-CRANE","2024-12-01","8500000","7805178","8575738","0.91","0.92"
"COST000043","PRJ002","EQP-GEN","2025-01-01","6200000","5911895","6690774","0.88","0.95"
"COST000044","PRJ002","SUB-MEP","2025-02-01","10600000","11244850","10876707","1.03","1.06"
"COST000045","PRJ002","SUB-EXT","2025-03-01","12800000","13271730","12713477","1.04","1.04"
"COST000046","PRJ002","MAT-STEEL","2025-04-01","3500000","2532272","4705823","0.54","0.72"
"COST000047","PRJ002","LAB-CARP","2025-05-01","15100000","13480123","16516594","0.82","0.89"
"COST000048","PRJ002","LAB-FIN","2025-06-01","11000000","10489503","10928029","0.96","0.95"
"COST000049","PRJ002","MAT-STEEL","2025-07-01","6400000","6619195","5889166","1.12","1.03"
"COST000050","PRJ002","MAT-FIN","2025-08-01","16800000","15420055","15993369","0.96","0.92"
"COST000051","PRJ002","EQP-EARTH","2025-09-01","5000000","4482672","4453660","1.01","0.9"
"COST000052","PRJ002","SUB-STRC","2025-10-01","12000000","12744104","12528915","1.02","1.06"
"COST000053","PRJ002","SUB-WTR","2025-11-01","14100000","13374042","13566300","0.99","0.95"
"COST000054","PRJ002","OVH-QA","2025-12-01","6900000","6891497","7166020","0.96","1"
"COST000055","PRJ002","EQP-CRANE","2026-01-01","1700000","1245940","2331295","0.53","0.73"
"COST000056","PRJ002","LAB-MEP","2026-02-01","900000","927670","792553","1.17","1.03"
"COST000057","PRJ002","MAT-CEM","2026-03-01","5300000","5436999","5256824","1.03","1.03"
"COST000058","PRJ002","MAT-BLK","2026-04-01","4800000","4860734","4713856","1.03","1.01"
"COST000059","PRJ002","EQP-PUMP","2026-05-01","10000000","10085426","9222192","1.09","1.01"
"COST000060","PRJ002","EQP-SCAF","2026-06-01","12500000","11261954","13663840","0.82","0.9"
"COST000061","PRJ002","SUB-FACADE","2026-07-01","2600000","2348076","2318206","1.01","0.9"
"COST000062","PRJ002","OVH-SITE","2026-08-01","3900000","3699136","3996060","0.93","0.95"
"COST000063","PRJ002","OVH-UTIL","2026-09-01","6800000","7163306","6074245","1.18","1.05"
"COST000064","PRJ002","SUB-STRC","2024-10-01","5300000","4193304","7023409","0.6","0.79"
"COST000065","PRJ002","LAB-SAF","2024-11-01","13500000","12888009","14040670","0.92","0.95"
"COST000066","PRJ002","MAT-AGG","2024-12-01","1800000","1736886","1664056","1.04","0.96"
"COST000067","PRJ002","EQP-CRANE","2025-01-01","17200000","18244128","16861114","1.08","1.06"
"COST000068","PRJ002","EQP-GEN","2025-02-01","16700000","16949991","16458411","1.03","1.01"
"COST000069","PRJ002","SUB-MEP","2025-03-01","3600000","3604268","3728204","0.97","1"
"COST000070","PRJ002","SUB-EXT","2025-04-01","15100000","15275987","13842571","1.1","1.01"
"COST000071","PRJ002","OVH-HSE","2025-05-01","11800000","11861862","12246260","0.97","1.01"
"COST000072","PRJ002","LAB-CARP","2025-06-01","7500000","7226242","7519597","0.96","0.96"
"COST000073","PRJ002","MAT-STEEL","2025-07-01","1700000","1118691","2319227","0.48","0.66"
"COST000074","PRJ002","MAT-STEEL","2025-08-01","15800000","16070190","16167081","0.99","1.02"
"COST000075","PRJ002","MAT-FIN","2025-09-01","10000000","9697365","10025117","0.97","0.97"
"COST000076","PRJ002","EQP-EARTH","2025-10-01","9800000","9172077","9932008","0.92","0.94"
"COST000077","PRJ002","SUB-STRC","2025-11-01","8200000","7433350","7605406","0.98","0.91"
"COST000078","PRJ002","SUB-WTR","2025-12-01","8900000","9518835","9360426","1.02","1.07"
"COST000079","PRJ002","OVH-QA","2026-01-01","13400000","13575867","13025954","1.04","1.01"
"COST000080","PRJ002","OVH-ADM","2026-02-01","2700000","2723892","2499739","1.09","1.01"
"COST000081","PRJ003","EQP-SCAF","2024-12-01","13000000","13747109","11956468","1.15","1.06"
"COST000082","PRJ003","SUB-FACADE","2025-01-01","15100000","15679314","14162719","1.11","1.04"
"COST000083","PRJ003","OVH-SITE","2025-02-01","10200000","10167056","10056235","1.01","1"
"COST000084","PRJ003","OVH-UTIL","2025-03-01","17600000","17990020","16572836","1.09","1.02"
"COST000085","PRJ003","LAB-REBR","2025-04-01","9100000","8966945","9167120","0.98","0.99"
"COST000086","PRJ003","MAT-STEEL","2025-05-01","2200000","1677087","2905359","0.58","0.76"
"COST000087","PRJ003","MAT-AGG","2025-06-01","3200000","2976567","3415926","0.87","0.93"
"COST000088","PRJ003","EQP-CRANE","2025-07-01","1300000","1365742","1423362","0.96","1.05"
"COST000089","PRJ003","EQP-GEN","2025-08-01","10200000","10858401","10084837","1.08","1.06"
"COST000090","PRJ003","SUB-MEP","2025-09-01","5600000","5783547","5066682","1.14","1.03"
"COST000091","PRJ003","SUB-EXT","2025-10-01","8000000","8426454","7387859","1.14","1.05"
"COST000092","PRJ003","OVH-HSE","2025-11-01","15500000","14697599","14678145","1","0.95"
"COST000093","PRJ003","LAB-CARP","2025-12-01","6100000","5855559","5845957","1","0.96"
"COST000094","PRJ003","LAB-FIN","2026-01-01","4500000","4141322","4926018","0.84","0.92"
"COST000095","PRJ003","EQP-CRANE","2026-02-01","3400000","2327439","4550041","0.51","0.68"
"COST000096","PRJ003","MAT-FIN","2026-03-01","9200000","8348001","8695581","0.96","0.91"
"COST000097","PRJ003","EQP-EARTH","2026-04-01","18000000","18785778","16945986","1.11","1.04"
"COST000098","PRJ003","SUB-STRC","2026-05-01","6400000","6758427","6838688","0.99","1.06"
"COST000099","PRJ003","SUB-WTR","2026-06-01","3000000","2743192","2980405","0.92","0.91"
"COST000100","PRJ003","OVH-QA","2026-07-01","6400000","6905631","6711567","1.03","1.08"
"COST000101","PRJ003","OVH-ADM","2026-08-01","14000000","15048107","14392310","1.05","1.07"
"COST000102","PRJ003","LAB-MEP","2026-09-01","8500000","8393320","8799567","0.95","0.99"
"COST000103","PRJ003","MAT-CEM","2024-10-01","17300000","16934785","18409268","0.92","0.98"
"COST000104","PRJ003","SUB-STRC","2024-11-01","1900000","1252633","2535548","0.49","0.66"
"COST000105","PRJ003","EQP-PUMP","2024-12-01","11800000","10918428","12534522","0.87","0.93"
"COST000106","PRJ003","EQP-SCAF","2025-01-01","4000000","3656422","3994303","0.92","0.91"
"COST000107","PRJ003","SUB-FACADE","2025-02-01","2600000","2364736","2664194","0.89","0.91"
"COST000108","PRJ003","OVH-SITE","2025-03-01","2900000","2592432","2635081","0.98","0.89"
"COST000109","PRJ003","OVH-UTIL","2025-04-01","8500000","8349849","7654053","1.09","0.98"
"COST000110","PRJ003","LAB-REBR","2025-05-01","18000000","18946205","16778123","1.13","1.05"
"COST000111","PRJ003","LAB-SAF","2025-06-01","16100000","16484238","15503486","1.06","1.02"
"COST000112","PRJ003","MAT-AGG","2025-07-01","17300000","17627525","15232427","1.16","1.02"
"COST000113","PRJ003","MAT-STEEL","2025-08-01","1100000","735850","1426220","0.52","0.67"
"COST000114","PRJ003","EQP-GEN","2025-09-01","11500000","11817473","11286037","1.05","1.03"
"COST000115","PRJ003","SUB-MEP","2025-10-01","7800000","7642751","7805348","0.98","0.98"
"COST000116","PRJ003","SUB-EXT","2025-11-01","11300000","10624873","9969183","1.07","0.94"
"COST000117","PRJ003","OVH-HSE","2025-12-01","1000000","1024622","896409","1.14","1.02"
"COST000118","PRJ003","LAB-CARP","2026-01-01","17700000","15841249","16060295","0.99","0.89"
"COST000119","PRJ003","LAB-FIN","2026-02-01","12700000","13619975","12888688","1.06","1.07"
"COST000120","PRJ003","MAT-STEEL","2026-03-01","10000000","8901622","10004737","0.89","0.89"
"COST000121","PRJ004","OVH-QA","2025-01-01","15600000","14095532","16301380","0.86","0.9"
"COST000122","PRJ004","OVH-ADM","2025-02-01","17000000","17039788","17987342","0.95","1"
"COST000123","PRJ004","LAB-MEP","2025-03-01","2300000","2060654","2336611","0.88","0.9"
"COST000124","PRJ004","MAT-CEM","2025-04-01","2800000","2937543","2916979","1.01","1.05"
"COST000125","PRJ004","MAT-BLK","2025-05-01","2200000","2291495","2047946","1.12","1.04"
"COST000126","PRJ004","MAT-STEEL","2025-06-01","11900000","9258662","14054280","0.66","0.78"
"COST000127","PRJ004","EQP-SCAF","2025-07-01","11300000","11330383","11250879","1.01","1"
"COST000128","PRJ004","SUB-FACADE","2025-08-01","10700000","10900808","9725330","1.12","1.02"
"COST000129","PRJ004","OVH-SITE","2025-09-01","14200000","13930271","14383957","0.97","0.98"
"COST000130","PRJ004","OVH-UTIL","2025-10-01","12600000","12043091","11932066","1.01","0.96"
"COST000131","PRJ004","LAB-REBR","2025-11-01","12700000","12613366","11389169","1.11","0.99"
"COST000132","PRJ004","LAB-SAF","2025-12-01","16100000","14506699","15272522","0.95","0.9"
"COST000133","PRJ004","MAT-AGG","2026-01-01","12000000","11202990","12406846","0.9","0.93"
"COST000134","PRJ004","EQP-CRANE","2026-02-01","3200000","3156631","2949161","1.07","0.99"
"COST000135","PRJ004","EQP-CRANE","2026-03-01","7400000","5525225","8731960","0.63","0.75"
"COST000136","PRJ004","SUB-MEP","2026-04-01","7800000","7465640","8516301","0.88","0.96"
"COST000137","PRJ004","SUB-EXT","2026-05-01","14600000","14473669","14128864","1.02","0.99"
"COST000138","PRJ004","OVH-HSE","2026-06-01","2700000","2641035","2566823","1.03","0.98"
"COST000139","PRJ004","LAB-CARP","2026-07-01","11100000","11559476","10930704","1.06","1.04"
"COST000140","PRJ004","LAB-FIN","2026-08-01","17400000","17858458","18884003","0.95","1.03"
"COST000141","PRJ004","MAT-STEEL","2026-09-01","10500000","10311231","11382301","0.91","0.98"
"COST000142","PRJ004","MAT-FIN","2024-10-01","12100000","10930552","11528965","0.95","0.9"
"COST000143","PRJ004","EQP-EARTH","2024-11-01","1600000","1471659","1529534","0.96","0.92"
"COST000144","PRJ004","SUB-STRC","2024-12-01","15900000","10137483","19431574","0.52","0.64"
"COST000145","PRJ004","SUB-WTR","2025-01-01","7200000","7311146","7813431","0.94","1.02"
"COST000146","PRJ004","OVH-QA","2025-02-01","6200000","6362360","6343439","1","1.03"
"COST000147","PRJ004","OVH-ADM","2025-03-01","2100000","2146553","2263487","0.95","1.02"
"COST000148","PRJ004","LAB-MEP","2025-04-01","16300000","15894504","17125546","0.93","0.98"
"COST000149","PRJ004","MAT-CEM","2025-05-01","10500000","10683201","9782005","1.09","1.02"
"COST000150","PRJ004","MAT-BLK","2025-06-01","13300000","12823651","11733643","1.09","0.96"
"COST000151","PRJ004","EQP-PUMP","2025-07-01","2400000","2253416","2481333","0.91","0.94"
"COST000152","PRJ004","EQP-SCAF","2025-08-01","14000000","14764753","13994825","1.06","1.05"
"COST000153","PRJ004","MAT-STEEL","2025-09-01","14700000","9669740","18159437","0.53","0.66"
"COST000154","PRJ004","OVH-SITE","2025-10-01","11400000","10866125","12274316","0.89","0.95"
"COST000155","PRJ004","OVH-UTIL","2025-11-01","11500000","11209303","10956495","1.02","0.97"
"COST000156","PRJ004","LAB-REBR","2025-12-01","2000000","2007983","2154061","0.93","1"
"COST000157","PRJ004","LAB-SAF","2026-01-01","1800000","1605777","1804730","0.89","0.89"
"COST000158","PRJ004","MAT-AGG","2026-02-01","17900000","17128546","19353685","0.89","0.96"
"COST000159","PRJ004","EQP-CRANE","2026-03-01","2800000","2967031","2563397","1.16","1.06"
"COST000160","PRJ004","EQP-GEN","2026-04-01","15900000","15690184","14133664","1.11","0.99"
"COST000161","PRJ005","LAB-FIN","2025-02-01","4900000","4743221","5126773","0.93","0.97"
"COST000162","PRJ005","MAT-STEEL","2025-03-01","16500000","15358666","16304258","0.94","0.93"
"COST000163","PRJ005","MAT-FIN","2025-04-01","10900000","10769338","11540630","0.93","0.99"
"COST000164","PRJ005","EQP-EARTH","2025-05-01","2200000","2060726","2126459","0.97","0.94"
"COST000165","PRJ005","SUB-STRC","2025-06-01","7400000","7744553","6932761","1.12","1.05"
"COST000166","PRJ005","MAT-STEEL","2025-07-01","14600000","10139547","17448126","0.58","0.69"
"COST000167","PRJ005","OVH-QA","2025-08-01","9000000","9534319","8778802","1.09","1.06"
"COST000168","PRJ005","OVH-ADM","2025-09-01","3300000","3462907","3498376","0.99","1.05"
"COST000169","PRJ005","LAB-MEP","2025-10-01","6800000","6956413","7048233","0.99","1.02"
"COST000170","PRJ005","MAT-CEM","2025-11-01","9700000","8804820","8808240","1","0.91"
"COST000171","PRJ005","MAT-BLK","2025-12-01","4400000","4304787","4761827","0.9","0.98"
"COST000172","PRJ005","EQP-PUMP","2026-01-01","10600000","10492538","11185541","0.94","0.99"
"COST000173","PRJ005","EQP-SCAF","2026-02-01","8200000","7358940","8484377","0.87","0.9"
"COST000174","PRJ005","SUB-FACADE","2026-03-01","13600000","13400712","14451397","0.93","0.99"
"COST000175","PRJ005","EQP-CRANE","2026-04-01","6300000","4391088","8331820","0.53","0.7"
"COST000176","PRJ005","OVH-UTIL","2026-05-01","13800000","14140051","13490301","1.05","1.02"
"COST000177","PRJ005","LAB-REBR","2026-06-01","17400000","16550456","16841340","0.98","0.95"
"COST000178","PRJ005","LAB-SAF","2026-07-01","8100000","7277959","8246622","0.88","0.9"
"COST000179","PRJ005","MAT-AGG","2026-08-01","9700000","9562377","10398341","0.92","0.99"
"COST000180","PRJ005","EQP-CRANE","2026-09-01","5000000","5118550","4519858","1.13","1.02"
"COST000181","PRJ005","EQP-GEN","2024-10-01","2100000","1998500","1993463","1","0.95"
"COST000182","PRJ005","SUB-MEP","2024-11-01","18000000","17358773","18510391","0.94","0.96"
"COST000183","PRJ005","SUB-EXT","2024-12-01","17000000","15799912","18341960","0.86","0.93"
"COST000184","PRJ005","SUB-STRC","2025-01-01","5200000","3292265","6344583","0.52","0.63"
"COST000185","PRJ005","LAB-CARP","2025-02-01","16800000","16543717","16103670","1.03","0.98"
"COST000186","PRJ005","LAB-FIN","2025-03-01","15100000","13762974","14126883","0.97","0.91"
"COST000187","PRJ005","MAT-STEEL","2025-04-01","12200000","12620959","13183335","0.96","1.03"
"COST000188","PRJ005","MAT-FIN","2025-05-01","7600000","6940841","6688212","1.04","0.91"
"COST000189","PRJ005","EQP-EARTH","2025-06-01","14100000","13299319","13870264","0.96","0.94"
"COST000190","PRJ005","SUB-STRC","2025-07-01","4300000","3807726","3860565","0.99","0.89"
"COST000191","PRJ005","SUB-WTR","2025-08-01","5600000","5462375","5726088","0.95","0.98"
"COST000192","PRJ005","OVH-QA","2025-09-01","3500000","3415423","3676331","0.93","0.98"
"COST000193","PRJ005","MAT-STEEL","2025-10-01","15400000","10715042","19276189","0.56","0.7"
"COST000194","PRJ005","LAB-MEP","2025-11-01","6300000","6410686","6527419","0.98","1.02"
"COST000195","PRJ005","MAT-CEM","2025-12-01","11500000","10731238","11923595","0.9","0.93"
"COST000196","PRJ005","MAT-BLK","2026-01-01","5600000","5920553","5875941","1.01","1.06"
"COST000197","PRJ005","EQP-PUMP","2026-02-01","1300000","1208285","1321945","0.91","0.93"
"COST000198","PRJ005","EQP-SCAF","2026-03-01","13200000","11806629","13309417","0.89","0.89"
"COST000199","PRJ005","SUB-FACADE","2026-04-01","17700000","17725330","15757040","1.12","1"
"COST000200","PRJ005","OVH-SITE","2026-05-01","16300000","17535340","17901664","0.98","1.08"
"COST000201","PRJ006","EQP-CRANE","2025-03-01","1300000","1274381","1378391","0.92","0.98"
"COST000202","PRJ006","EQP-GEN","2025-04-01","16500000","16757645","18075386","0.93","1.02"
"COST000203","PRJ006","SUB-MEP","2025-05-01","1400000","1487809","1389608","1.07","1.06"
"COST000204","PRJ006","SUB-EXT","2025-06-01","16200000","15443343","15632778","0.99","0.95"
"COST000205","PRJ006","OVH-HSE","2025-07-01","16300000","15718385","15693416","1","0.96"
"COST000206","PRJ006","MAT-STEEL","2025-08-01","4100000","2739691","5567373","0.49","0.67"
"COST000207","PRJ006","LAB-FIN","2025-09-01","4500000","4173565","4825293","0.86","0.93"
"COST000208","PRJ006","MAT-STEEL","2025-10-01","1800000","1685751","1676322","1.01","0.94"
"COST000209","PRJ006","MAT-FIN","2025-11-01","5400000","4829792","5417039","0.89","0.89"
"COST000210","PRJ006","EQP-EARTH","2025-12-01","5700000","5213643","5231739","1","0.91"
"COST000211","PRJ006","SUB-STRC","2026-01-01","4800000","5029701","4830663","1.04","1.05"
"COST000212","PRJ006","SUB-WTR","2026-02-01","9400000","8433027","8479020","0.99","0.9"
"COST000213","PRJ006","OVH-QA","2026-03-01","5800000","5117600","5568329","0.92","0.88"
"COST000214","PRJ006","OVH-ADM","2026-04-01","17300000","15612923","16789916","0.93","0.9"
"COST000215","PRJ006","EQP-CRANE","2026-05-01","900000","595305","1161841","0.51","0.66"
"COST000216","PRJ006","MAT-CEM","2026-06-01","13500000","13763901","13830162","1","1.02"
"COST000217","PRJ006","MAT-BLK","2026-07-01","16500000","17292745","15549628","1.11","1.05"
"COST000218","PRJ006","EQP-PUMP","2026-08-01","9900000","10188839","9768425","1.04","1.03"
"COST000219","PRJ006","EQP-SCAF","2026-09-01","7600000","7028106","7820562","0.9","0.92"
"COST000220","PRJ006","SUB-FACADE","2024-10-01","9900000","10180271","10855050","0.94","1.03"
"COST000221","PRJ006","OVH-SITE","2024-11-01","14800000","15349798","13361250","1.15","1.04"
"COST000222","PRJ006","OVH-UTIL","2024-12-01","9000000","8522435","8178337","1.04","0.95"
"COST000223","PRJ006","LAB-REBR","2025-01-01","16400000","15329254","16555427","0.93","0.93"
"COST000224","PRJ006","SUB-STRC","2025-02-01","1200000","782324","1527314","0.51","0.65"
"COST000225","PRJ006","MAT-AGG","2025-03-01","11800000","10582191","12776299","0.83","0.9"
"COST000226","PRJ006","EQP-CRANE","2025-04-01","10200000","10677114","10275352","1.04","1.05"
"COST000227","PRJ006","EQP-GEN","2025-05-01","16900000","16059330","17555303","0.91","0.95"
"COST000228","PRJ006","SUB-MEP","2025-06-01","13700000","12281029","12141457","1.01","0.9"
"COST000229","PRJ006","SUB-EXT","2025-07-01","12700000","13144083","11587461","1.13","1.03"
"COST000230","PRJ006","OVH-HSE","2025-08-01","4000000","3650326","4079872","0.89","0.91"
"COST000231","PRJ006","LAB-CARP","2025-09-01","1000000","971871","891943","1.09","0.97"
"COST000232","PRJ006","LAB-FIN","2025-10-01","16100000","14766843","16964682","0.87","0.92"
"COST000233","PRJ006","MAT-STEEL","2025-11-01","5700000","4158794","7647742","0.54","0.73"
"COST000234","PRJ006","MAT-FIN","2025-12-01","4800000","4812458","4878962","0.99","1"
"COST000235","PRJ006","EQP-EARTH","2026-01-01","13700000","14480762","12115460","1.2","1.06"
"COST000236","PRJ006","SUB-STRC","2026-02-01","5300000","4833307","5699092","0.85","0.91"
"COST000237","PRJ006","SUB-WTR","2026-03-01","12300000","11807713","11828282","1","0.96"
"COST000238","PRJ006","OVH-QA","2026-04-01","10000000","10202768","9740646","1.05","1.02"
"COST000239","PRJ006","OVH-ADM","2026-05-01","1600000","1518133","1416799","1.07","0.95"
"COST000240","PRJ006","LAB-MEP","2026-06-01","13900000","14038430","12916011","1.09","1.01"
"COST000241","PRJ007","SUB-FACADE","2025-04-01","15300000","13948515","13474672","1.04","0.91"
"COST000242","PRJ007","OVH-SITE","2025-05-01","16200000","15782472","17741593","0.89","0.97"
"COST000243","PRJ007","OVH-UTIL","2025-06-01","10100000","9969729","9320465","1.07","0.99"
"COST000244","PRJ007","LAB-REBR","2025-07-01","3000000","3072865","3274192","0.94","1.02"
"COST000245","PRJ007","LAB-SAF","2025-08-01","14000000","13320578","13895422","0.96","0.95"
"COST000246","PRJ007","MAT-STEEL","2025-09-01","8300000","5770611","11188840","0.52","0.7"
"COST000247","PRJ007","EQP-CRANE","2025-10-01","5200000","4715708","5119629","0.92","0.91"
"COST000248","PRJ007","EQP-GEN","2025-11-01","14000000","12491518","14618257","0.85","0.89"
"COST000249","PRJ007","SUB-MEP","2025-12-01","13700000","13836298","13906063","0.99","1.01"
"COST000250","PRJ007","SUB-EXT","2026-01-01","6300000","5685700","5766670","0.99","0.9"
"COST000251","PRJ007","OVH-HSE","2026-02-01","9400000","8378082","9946088","0.84","0.89"
"COST000252","PRJ007","LAB-CARP","2026-03-01","12300000","12638990","11028661","1.15","1.03"
"COST000253","PRJ007","LAB-FIN","2026-04-01","5500000","5673541","4887318","1.16","1.03"
"COST000254","PRJ007","MAT-STEEL","2026-05-01","17300000","15974715","17898445","0.89","0.92"
"COST000255","PRJ007","EQP-CRANE","2026-06-01","1100000","809568","1353057","0.6","0.74"
"COST000256","PRJ007","EQP-EARTH","2026-07-01","5200000","5525094","5578311","0.99","1.06"
"COST000257","PRJ007","SUB-STRC","2026-08-01","7200000","7248184","7870432","0.92","1.01"
"COST000258","PRJ007","SUB-WTR","2026-09-01","15700000","16875620","14150591","1.19","1.07"
"COST000259","PRJ007","OVH-QA","2024-10-01","7400000","6619422","7382041","0.9","0.89"
"COST000260","PRJ007","OVH-ADM","2024-11-01","16800000","16518117","16365466","1.01","0.98"
"COST000261","PRJ007","LAB-MEP","2024-12-01","16600000","15267976","17281705","0.88","0.92"
"COST000262","PRJ007","MAT-CEM","2025-01-01","14100000","14611038","14694568","0.99","1.04"
"COST000263","PRJ007","MAT-BLK","2025-02-01","4900000","4336367","5065500","0.86","0.88"
"COST000264","PRJ007","SUB-STRC","2025-03-01","13300000","8262652","15765501","0.52","0.62"
"COST000265","PRJ007","EQP-SCAF","2025-04-01","2300000","2414567","2348529","1.03","1.05"
"COST000266","PRJ007","SUB-FACADE","2025-05-01","3700000","3727221","3868603","0.96","1.01"
"COST000267","PRJ007","OVH-SITE","2025-06-01","17900000","18322236","17352728","1.06","1.02"
"COST000268","PRJ007","OVH-UTIL","2025-07-01","7800000","8087566","7298689","1.11","1.04"
"COST000269","PRJ007","LAB-REBR","2025-08-01","13000000","13020647","12713263","1.02","1"
"COST000270","PRJ007","LAB-SAF","2025-09-01","1100000","986626","1188162","0.83","0.9"
"COST000271","PRJ007","MAT-AGG","2025-10-01","13600000","12373063","11998135","1.03","0.91"
"COST000272","PRJ007","EQP-CRANE","2025-11-01","9900000","9275483","10327492","0.9","0.94"
"COST000273","PRJ007","MAT-STEEL","2025-12-01","900000","614671","1157554","0.53","0.68"
"COST000274","PRJ007","SUB-MEP","2026-01-01","3200000","3325209","2972864","1.12","1.04"
"COST000275","PRJ007","SUB-EXT","2026-02-01","2400000","2294382","2429196","0.94","0.96"
"COST000276","PRJ007","OVH-HSE","2026-03-01","14400000","12960377","14290039","0.91","0.9"
"COST000277","PRJ007","LAB-CARP","2026-04-01","13800000","13677103","12985649","1.05","0.99"
"COST000278","PRJ007","LAB-FIN","2026-05-01","1300000","1176712","1300034","0.91","0.91"
"COST000279","PRJ007","MAT-STEEL","2026-06-01","2600000","2591969","2855763","0.91","1"
"COST000280","PRJ007","MAT-FIN","2026-07-01","5200000","5486890","5585018","0.98","1.06"
"COST000281","PRJ008","OVH-ADM","2025-05-01","18000000","17170842","19464239","0.88","0.95"
"COST000282","PRJ008","LAB-MEP","2025-06-01","9100000","8491158","8732245","0.97","0.93"
"COST000283","PRJ008","MAT-CEM","2025-07-01","11400000","11825239","12289350","0.96","1.04"
"COST000284","PRJ008","MAT-BLK","2025-08-01","14200000","14265002","14620203","0.98","1"
"COST000285","PRJ008","EQP-PUMP","2025-09-01","5900000","5621547","5774462","0.97","0.95"
"COST000286","PRJ008","MAT-STEEL","2025-10-01","2800000","2198862","3596078","0.61","0.79"
"COST000287","PRJ008","SUB-FACADE","2025-11-01","12900000","13708871","12641586","1.08","1.06"
"COST000288","PRJ008","OVH-SITE","2025-12-01","9100000","9209883","8488643","1.08","1.01"
"COST000289","PRJ008","OVH-UTIL","2026-01-01","17700000","18186217","15811027","1.15","1.03"
"COST000290","PRJ008","LAB-REBR","2026-02-01","4800000","4874678","4840054","1.01","1.02"
"COST000291","PRJ008","LAB-SAF","2026-03-01","17000000","18315344","18173322","1.01","1.08"
"COST000292","PRJ008","MAT-AGG","2026-04-01","5000000","4913298","5203009","0.94","0.98"
"COST000293","PRJ008","EQP-CRANE","2026-05-01","8100000","8405912","7601914","1.11","1.04"
"COST000294","PRJ008","EQP-GEN","2026-06-01","3800000","3808488","3615885","1.05","1"
"COST000295","PRJ008","EQP-CRANE","2026-07-01","14900000","10674017","19689320","0.54","0.72"
"COST000296","PRJ008","SUB-EXT","2026-08-01","10000000","10334086","9920778","1.04","1.03"
"COST000297","PRJ008","OVH-HSE","2026-09-01","8200000","7769349","7354200","1.06","0.95"
"COST000298","PRJ008","LAB-CARP","2024-10-01","10000000","9425332","10555114","0.89","0.94"
"COST000299","PRJ008","LAB-FIN","2024-11-01","10900000","9610323","11976406","0.8","0.88"
"COST000300","PRJ008","MAT-STEEL","2024-12-01","15400000","16117053","16616872","0.97","1.05"
"COST000301","PRJ008","MAT-FIN","2025-01-01","16400000","15216660","17395417","0.87","0.93"
"COST000302","PRJ008","EQP-EARTH","2025-02-01","17900000","19005973","19136076","0.99","1.06"
"COST000303","PRJ008","SUB-STRC","2025-03-01","3900000","3785303","3646899","1.04","0.97"
"COST000304","PRJ008","SUB-STRC","2025-04-01","1200000","908921","1430275","0.64","0.76"
"COST000305","PRJ008","OVH-QA","2025-05-01","12600000","12823513","12777531","1","1.02"
"COST000306","PRJ008","OVH-ADM","2025-06-01","17500000","16162810","18470356","0.88","0.92"
"COST000307","PRJ008","LAB-MEP","2025-07-01","3300000","3092263","3613272","0.86","0.94"
"COST000308","PRJ008","MAT-CEM","2025-08-01","2800000","2920770","2703338","1.08","1.04"
"COST000309","PRJ008","MAT-BLK","2025-09-01","11800000","11400558","11027874","1.03","0.97"
"COST000310","PRJ008","EQP-PUMP","2025-10-01","13500000","13429456","14042608","0.96","0.99"
"COST000311","PRJ008","EQP-SCAF","2025-11-01","13600000","12275553","13685713","0.9","0.9"
"COST000312","PRJ008","SUB-FACADE","2025-12-01","10000000","10314685","9999052","1.03","1.03"
"COST000313","PRJ008","MAT-STEEL","2026-01-01","15200000","10842475","19505328","0.56","0.71"
"COST000314","PRJ008","OVH-UTIL","2026-02-01","11100000","11805460","11271991","1.05","1.06"
"COST000315","PRJ008","LAB-REBR","2026-03-01","3400000","3246513","3453469","0.94","0.95"
"COST000316","PRJ008","LAB-SAF","2026-04-01","13000000","12749750","13544497","0.94","0.98"
"COST000317","PRJ008","MAT-AGG","2026-05-01","5600000","5303224","5010251","1.06","0.95"
"COST000318","PRJ008","EQP-CRANE","2026-06-01","14800000","14349990","15425789","0.93","0.97"
"COST000319","PRJ008","EQP-GEN","2026-07-01","4100000","3690337","3663315","1.01","0.9"
"COST000320","PRJ008","SUB-MEP","2026-08-01","15600000","15078788","16995715","0.89","0.97"
"COST000321","PRJ009","MAT-STEEL","2025-06-01","17100000","15355900","18566837","0.83","0.9"
"COST000322","PRJ009","MAT-FIN","2025-07-01","6600000","6724598","6188358","1.09","1.02"
"COST000323","PRJ009","EQP-EARTH","2025-08-01","5800000","5968810","5839139","1.02","1.03"
"COST000324","PRJ009","SUB-STRC","2025-09-01","4500000","4499684","4710677","0.96","1"
"COST000325","PRJ009","SUB-WTR","2025-10-01","11900000","10592378","11310563","0.94","0.89"
"COST000326","PRJ009","MAT-STEEL","2025-11-01","5200000","3839379","6730927","0.57","0.74"
"COST000327","PRJ009","OVH-ADM","2025-12-01","4800000","4962495","4951710","1","1.03"
"COST000328","PRJ009","LAB-MEP","2026-01-01","8700000","9167179","8770115","1.05","1.05"
"COST000329","PRJ009","MAT-CEM","2026-02-01","15400000","16045637","16465503","0.97","1.04"
"COST000330","PRJ009","MAT-BLK","2026-03-01","7200000","6432640","7214462","0.89","0.89"
"COST000331","PRJ009","EQP-PUMP","2026-04-01","16000000","17217867","14448842","1.19","1.08"
"COST000332","PRJ009","EQP-SCAF","2026-05-01","14000000","12686275","13178600","0.96","0.91"
"COST000333","PRJ009","SUB-FACADE","2026-06-01","16900000","15279307","18293862","0.84","0.9"
"COST000334","PRJ009","OVH-SITE","2026-07-01","12100000","11506377","12746789","0.9","0.95"
"COST000335","PRJ009","EQP-CRANE","2026-08-01","16100000","10597720","20542306","0.52","0.66"
"COST000336","PRJ009","LAB-REBR","2026-09-01","5700000","5382909","6264580","0.86","0.94"
"COST000337","PRJ009","LAB-SAF","2024-10-01","6600000","6221378","7242978","0.86","0.94"
"COST000338","PRJ009","MAT-AGG","2024-11-01","15400000","16360504","13610337","1.2","1.06"
"COST000339","PRJ009","EQP-CRANE","2024-12-01","5300000","4691187","5623370","0.83","0.89"
"COST000340","PRJ009","EQP-GEN","2025-01-01","10700000","11071024","9874483","1.12","1.03"
"COST000341","PRJ009","SUB-MEP","2025-02-01","5400000","5675656","5211663","1.09","1.05"
"COST000342","PRJ009","SUB-EXT","2025-03-01","12000000","10586930","12671817","0.84","0.88"
"COST000343","PRJ009","OVH-HSE","2025-04-01","2600000","2683789","2411946","1.11","1.03"
"COST000344","PRJ009","SUB-STRC","2025-05-01","11800000","8171414","14787016","0.55","0.69"
"COST000345","PRJ009","LAB-FIN","2025-06-01","6800000","6809596","7282694","0.94","1"
"COST000346","PRJ009","MAT-STEEL","2025-07-01","9600000","9436429","8608956","1.1","0.98"
"COST000347","PRJ009","MAT-FIN","2025-08-01","1000000","919625","1030734","0.89","0.92"
"COST000348","PRJ009","EQP-EARTH","2025-09-01","18000000","17041170","17762651","0.96","0.95"
"COST000349","PRJ009","SUB-STRC","2025-10-01","4700000","5070592","5091645","1","1.08"
"COST000350","PRJ009","SUB-WTR","2025-11-01","14400000","13309016","13010119","1.02","0.92"
"COST000351","PRJ009","OVH-QA","2025-12-01","10900000","11433358","11775656","0.97","1.05"
"COST000352","PRJ009","OVH-ADM","2026-01-01","7600000","7042450","8054952","0.87","0.93"
"COST000353","PRJ009","MAT-STEEL","2026-02-01","4500000","2897038","6157695","0.47","0.64"
"COST000354","PRJ009","MAT-CEM","2026-03-01","8800000","8247792","9309595","0.89","0.94"
"COST000355","PRJ009","MAT-BLK","2026-04-01","7700000","8297690","7597145","1.09","1.08"
"COST000356","PRJ009","EQP-PUMP","2026-05-01","11700000","12220415","12727911","0.96","1.04"
"COST000357","PRJ009","EQP-SCAF","2026-06-01","17300000","18210094","15697479","1.16","1.05"
"COST000358","PRJ009","SUB-FACADE","2026-07-01","16100000","16090035","15275909","1.05","1"
"COST000359","PRJ009","OVH-SITE","2026-08-01","14900000","16076459","15617515","1.03","1.08"
"COST000360","PRJ009","OVH-UTIL","2026-09-01","15000000","16000428","14610991","1.1","1.07"
"COST000361","PRJ010","EQP-GEN","2025-07-01","14700000","15479294","14662085","1.06","1.05"
"COST000362","PRJ010","SUB-MEP","2025-08-01","17600000","18677387","19044380","0.98","1.06"
"COST000363","PRJ010","SUB-EXT","2025-09-01","11200000","11806428","10499213","1.12","1.05"
"COST000364","PRJ010","OVH-HSE","2025-10-01","6200000","5679085","6399963","0.89","0.92"
"COST000365","PRJ010","LAB-CARP","2025-11-01","1200000","1115485","1092508","1.02","0.93"
"COST000366","PRJ010","MAT-STEEL","2025-12-01","15900000","12665372","20920894","0.61","0.8"
"COST000367","PRJ010","MAT-STEEL","2026-01-01","4600000","4435810","4137255","1.07","0.96"
"COST000368","PRJ010","MAT-FIN","2026-02-01","1800000","1599766","1602562","1","0.89"
"COST000369","PRJ010","EQP-EARTH","2026-03-01","16700000","15353805","17448967","0.88","0.92"
"COST000370","PRJ010","SUB-STRC","2026-04-01","16300000","16816620","17257421","0.97","1.03"
"COST000371","PRJ010","SUB-WTR","2026-05-01","1800000","1728600","1822094","0.95","0.96"
"COST000372","PRJ010","OVH-QA","2026-06-01","16200000","15465651","17247937","0.9","0.95"
"COST000373","PRJ010","OVH-ADM","2026-07-01","5600000","5352205","5675356","0.94","0.96"
"COST000374","PRJ010","LAB-MEP","2026-08-01","12600000","11331690","12552578","0.9","0.9"
"COST000375","PRJ010","EQP-CRANE","2026-09-01","12700000","8761700","16162454","0.54","0.69"
"COST000376","PRJ010","MAT-BLK","2024-10-01","4300000","4304096","4548603","0.95","1"
"COST000377","PRJ010","EQP-PUMP","2024-11-01","18000000","18013914","19268123","0.93","1"
"COST000378","PRJ010","EQP-SCAF","2024-12-01","5200000","4971695","5699735","0.87","0.96"
"COST000379","PRJ010","SUB-FACADE","2025-01-01","1500000","1371581","1545901","0.89","0.91"
"COST000380","PRJ010","OVH-SITE","2025-02-01","7500000","6939796","7329400","0.95","0.93"
"COST000381","PRJ010","OVH-UTIL","2025-03-01","3800000","3456500","3875343","0.89","0.91"
"COST000382","PRJ010","LAB-REBR","2025-04-01","11900000","10556554","12212534","0.86","0.89"
"COST000383","PRJ010","LAB-SAF","2025-05-01","9400000","9847121","9814077","1","1.05"
"COST000384","PRJ010","SUB-STRC","2025-06-01","7200000","5653021","9756986","0.58","0.79"
"COST000385","PRJ010","EQP-CRANE","2025-07-01","5200000","5204705","4611010","1.13","1"
"COST000386","PRJ010","EQP-GEN","2025-08-01","16900000","17794078","17220884","1.03","1.05"
"COST000387","PRJ010","SUB-MEP","2025-09-01","3400000","3089401","3522658","0.88","0.91"
"COST000388","PRJ010","SUB-EXT","2025-10-01","11700000","10634344","10677390","1","0.91"
"COST000389","PRJ010","OVH-HSE","2025-11-01","8200000","7344384","7279987","1.01","0.9"
"COST000390","PRJ010","LAB-CARP","2025-12-01","7200000","7528112","6865856","1.1","1.05"
"COST000391","PRJ010","LAB-FIN","2026-01-01","4500000","4118868","4213627","0.98","0.92"
"COST000392","PRJ010","MAT-STEEL","2026-02-01","16800000","17509967","15097912","1.16","1.04"
"COST000393","PRJ010","MAT-STEEL","2026-03-01","1800000","1396812","2179938","0.64","0.78"
"COST000394","PRJ010","EQP-EARTH","2026-04-01","15900000","15636486","14783070","1.06","0.98"
"COST000395","PRJ010","SUB-STRC","2026-05-01","15600000","15720730","15974176","0.98","1.01"
"COST000396","PRJ010","SUB-WTR","2026-06-01","11700000","12259646","10583132","1.16","1.05"
"COST000397","PRJ010","OVH-QA","2026-07-01","2500000","2284712","2611663","0.87","0.91"
"COST000398","PRJ010","OVH-ADM","2026-08-01","15000000","15628872","13532248","1.15","1.04"
"COST000399","PRJ010","LAB-MEP","2026-09-01","11400000","10165961","12454463","0.82","0.89"
"COST000400","PRJ010","MAT-CEM","2024-10-01","6900000","6810267","6458618","1.05","0.99"
"COST000401","PRJ011","OVH-SITE","2025-08-01","3200000","3158059","3275460","0.96","0.99"
"COST000402","PRJ011","OVH-UTIL","2025-09-01","900000","920097","842817","1.09","1.02"
"COST000403","PRJ011","LAB-REBR","2025-10-01","9600000","9026126","8744710","1.03","0.94"
"COST000404","PRJ011","LAB-SAF","2025-11-01","13300000","11714925","13050927","0.9","0.88"
"COST000405","PRJ011","MAT-AGG","2025-12-01","3800000","3529619","4090380","0.86","0.93"
"COST000406","PRJ011","MAT-STEEL","2026-01-01","11500000","7694097","15144720","0.51","0.67"
"COST000407","PRJ011","EQP-GEN","2026-02-01","3500000","3223346","3578201","0.9","0.92"
"COST000408","PRJ011","SUB-MEP","2026-03-01","9100000","8178448","8079982","1.01","0.9"
"COST000409","PRJ011","SUB-EXT","2026-04-01","3000000","2719511","2664239","1.02","0.91"
"COST000410","PRJ011","OVH-HSE","2026-05-01","9200000","9712068","9619648","1.01","1.06"
"COST000411","PRJ011","LAB-CARP","2026-06-01","6600000","6978017","6576502","1.06","1.06"
"COST000412","PRJ011","LAB-FIN","2026-07-01","11400000","10075385","12492551","0.81","0.88"
"COST000413","PRJ011","MAT-STEEL","2026-08-01","3100000","2752543","2793046","0.99","0.89"
"COST000414","PRJ011","MAT-FIN","2026-09-01","1000000","924376","955085","0.97","0.92"
"COST000415","PRJ011","EQP-CRANE","2024-10-01","13900000","9407629","18257501","0.52","0.68"
"COST000416","PRJ011","SUB-STRC","2024-11-01","15500000","14683185","14631982","1","0.95"
"COST000417","PRJ011","SUB-WTR","2024-12-01","5900000","6217329","5211748","1.19","1.05"
"COST000418","PRJ011","OVH-QA","2025-01-01","14500000","15169438","15408286","0.98","1.05"
"COST000419","PRJ011","OVH-ADM","2025-02-01","14000000","14019989","13071535","1.07","1"
"COST000420","PRJ011","LAB-MEP","2025-03-01","9800000","8739285","9922135","0.88","0.89"
"COST000421","PRJ011","MAT-CEM","2025-04-01","14100000","15065638","13789370","1.09","1.07"
"COST000422","PRJ011","MAT-BLK","2025-05-01","17500000","18740344","18123909","1.03","1.07"
"COST000423","PRJ011","EQP-PUMP","2025-06-01","4000000","3606418","3724215","0.97","0.9"
"COST000424","PRJ011","SUB-STRC","2025-07-01","2900000","2039085","3741760","0.54","0.7"
"COST000425","PRJ011","SUB-FACADE","2025-08-01","9500000","10178109","8745634","1.16","1.07"
"COST000426","PRJ011","OVH-SITE","2025-09-01","6500000","5808255","6873140","0.85","0.89"
"COST000427","PRJ011","OVH-UTIL","2025-10-01","16000000","15507021","14879572","1.04","0.97"
"COST000428","PRJ011","LAB-REBR","2025-11-01","2200000","1997283","2266857","0.88","0.91"
"COST000429","PRJ011","LAB-SAF","2025-12-01","7200000","6714881","7619112","0.88","0.93"
"COST000430","PRJ011","MAT-AGG","2026-01-01","13600000","13929283","14474662","0.96","1.02"
"COST000431","PRJ011","EQP-CRANE","2026-02-01","17300000","15674218","17168891","0.91","0.91"
"COST000432","PRJ011","EQP-GEN","2026-03-01","15300000","16471344","14716696","1.12","1.08"
"COST000433","PRJ011","MAT-STEEL","2026-04-01","17100000","11639000","21766005","0.53","0.68"
"COST000434","PRJ011","SUB-EXT","2026-05-01","3600000","3283668","3643052","0.9","0.91"
"COST000435","PRJ011","OVH-HSE","2026-06-01","8300000","7382516","7490997","0.99","0.89"
"COST000436","PRJ011","LAB-CARP","2026-07-01","14900000","15886077","14782271","1.07","1.07"
"COST000437","PRJ011","LAB-FIN","2026-08-01","2700000","2663082","2547800","1.05","0.99"
"COST000438","PRJ011","MAT-STEEL","2026-09-01","15100000","13690111","14456375","0.95","0.91"
"COST000439","PRJ011","MAT-FIN","2024-10-01","4400000","4229226","4595852","0.92","0.96"
"COST000440","PRJ011","EQP-EARTH","2024-11-01","7200000","7554072","6953761","1.09","1.05"
"COST000441","PRJ012","LAB-MEP","2025-09-01","3400000","3417832","3623664","0.94","1.01"
"COST000442","PRJ012","MAT-CEM","2025-10-01","9800000","9921194","10753712","0.92","1.01"
"COST000443","PRJ012","MAT-BLK","2025-11-01","17100000","16532540","16637988","0.99","0.97"
"COST000444","PRJ012","EQP-PUMP","2025-12-01","5200000","4657840","4905400","0.95","0.9"
"COST000445","PRJ012","EQP-SCAF","2026-01-01","1600000","1447335","1537408","0.94","0.9"
"COST000446","PRJ012","MAT-STEEL","2026-02-01","17700000","11786366","23036023","0.51","0.67"
"COST000447","PRJ012","OVH-SITE","2026-03-01","5900000","6299722","6163926","1.02","1.07"
"COST000448","PRJ012","OVH-UTIL","2026-04-01","16300000","14741002","17525334","0.84","0.9"
"COST000449","PRJ012","LAB-REBR","2026-05-01","5500000","5747514","4996469","1.15","1.05"
"COST000450","PRJ012","LAB-SAF","2026-06-01","4500000","4412788","4693444","0.94","0.98"
"COST000451","PRJ012","MAT-AGG","2026-07-01","2900000","2625073","2857845","0.92","0.91"
"COST000452","PRJ012","EQP-CRANE","2026-08-01","12300000","11415552","11572600","0.99","0.93"
"COST000453","PRJ012","EQP-GEN","2026-09-01","4700000","4481853","4978577","0.9","0.95"
"COST000454","PRJ012","SUB-MEP","2024-10-01","15400000","15599558","13913301","1.12","1.01"
"COST000455","PRJ012","EQP-CRANE","2024-11-01","17100000","10720991","21240065","0.5","0.63"
"COST000456","PRJ012","OVH-HSE","2024-12-01","5100000","5181596","5484739","0.94","1.02"
"COST000457","PRJ012","LAB-CARP","2025-01-01","11600000","10953726","10328891","1.06","0.94"
"COST000458","PRJ012","LAB-FIN","2025-02-01","7000000","6183631","6773635","0.91","0.88"
"COST000459","PRJ012","MAT-STEEL","2025-03-01","11900000","10936866","13086453","0.84","0.92"
"COST000460","PRJ012","MAT-FIN","2025-04-01","1200000","1063397","1209283","0.88","0.89"
"COST000461","PRJ012","EQP-EARTH","2025-05-01","7000000","6348133","7095292","0.89","0.91"
"COST000462","PRJ012","SUB-STRC","2025-06-01","16200000","15753433","15549426","1.01","0.97"
"COST000463","PRJ012","SUB-WTR","2025-07-01","14400000","14300561","13022531","1.1","0.99"
"COST000464","PRJ012","SUB-STRC","2025-08-01","6400000","4824143","7838464","0.62","0.75"
"COST000465","PRJ012","OVH-ADM","2025-09-01","16100000","16995091","15690942","1.08","1.06"
"COST000466","PRJ012","LAB-MEP","2025-10-01","9900000","9346311","10620381","0.88","0.94"
"COST000467","PRJ012","MAT-CEM","2025-11-01","8600000","8173979","8741784","0.94","0.95"
"COST000468","PRJ012","MAT-BLK","2025-12-01","9400000","8377432","9013535","0.93","0.89"
"COST000469","PRJ012","EQP-PUMP","2026-01-01","5300000","4842453","5310062","0.91","0.91"
"COST000470","PRJ012","EQP-SCAF","2026-02-01","9700000","9801798","9965732","0.98","1.01"
"COST000471","PRJ012","SUB-FACADE","2026-03-01","7100000","6512348","6625344","0.98","0.92"
"COST000472","PRJ012","OVH-SITE","2026-04-01","14300000","14815367","13438010","1.1","1.04"
"COST000473","PRJ012","MAT-STEEL","2026-05-01","8900000","5670786","10851624","0.52","0.64"
"COST000474","PRJ012","LAB-REBR","2026-06-01","7700000","6823392","7105482","0.96","0.89"
"COST000475","PRJ012","LAB-SAF","2026-07-01","16100000","15119474","14461433","1.05","0.94"
"COST000476","PRJ012","MAT-AGG","2026-08-01","9900000","8940772","8885893","1.01","0.9"
"COST000477","PRJ012","EQP-CRANE","2026-09-01","16100000","14181008","16334737","0.87","0.88"
"COST000478","PRJ012","EQP-GEN","2024-10-01","7400000","7728567","6819827","1.13","1.04"
"COST000479","PRJ012","SUB-MEP","2024-11-01","13500000","12348838","12515644","0.99","0.91"
"COST000480","PRJ012","SUB-EXT","2024-12-01","17700000","18320735","16689980","1.1","1.04"
"COST000481","PRJ013","MAT-FIN","2025-10-01","14800000","15470689","13614675","1.14","1.05"
"COST000482","PRJ013","EQP-EARTH","2025-11-01","16700000","16888990","16781539","1.01","1.01"
"COST000483","PRJ013","SUB-STRC","2025-12-01","12600000","11373007","12321285","0.92","0.9"
"COST000484","PRJ013","SUB-WTR","2026-01-01","4600000","4761185","4559875","1.04","1.04"
"COST000485","PRJ013","OVH-QA","2026-02-01","17000000","15525846","15151494","1.02","0.91"
"COST000486","PRJ013","MAT-STEEL","2026-03-01","6100000","4908800","7668350","0.64","0.8"
"COST000487","PRJ013","LAB-MEP","2026-04-01","12200000","12447787","11551924","1.08","1.02"
"COST000488","PRJ013","MAT-CEM","2026-05-01","9600000","9045367","10155304","0.89","0.94"
"COST000489","PRJ013","MAT-BLK","2026-06-01","5500000","5437847","5305431","1.02","0.99"
"COST000490","PRJ013","EQP-PUMP","2026-07-01","8700000","8812364","8444530","1.04","1.01"
"COST000491","PRJ013","EQP-SCAF","2026-08-01","16900000","17202289","16003126","1.07","1.02"
"COST000492","PRJ013","SUB-FACADE","2026-09-01","2000000","1914778","2199151","0.87","0.96"
"COST000493","PRJ013","OVH-SITE","2024-10-01","4100000","4286935","3780852","1.13","1.05"
"COST000494","PRJ013","OVH-UTIL","2024-11-01","5500000","5394591","5613372","0.96","0.98"
"COST000495","PRJ013","EQP-CRANE","2024-12-01","13800000","10292290","18736495","0.55","0.75"
"COST000496","PRJ013","LAB-SAF","2025-01-01","1300000","1297473","1205378","1.08","1"
"COST000497","PRJ013","MAT-AGG","2025-02-01","3700000","3403011","3906309","0.87","0.92"
"COST000498","PRJ013","EQP-CRANE","2025-03-01","15500000","16226526","15369684","1.06","1.05"
"COST000499","PRJ013","EQP-GEN","2025-04-01","16600000","16906456","15312635","1.1","1.02"
"COST000500","PRJ013","SUB-MEP","2025-05-01","8300000","8244128","8306663","0.99","0.99"
"COST000501","PRJ013","SUB-EXT","2025-06-01","10500000","10761104","9449895","1.14","1.02"
"COST000502","PRJ013","OVH-HSE","2025-07-01","9700000","9792895","10653679","0.92","1.01"
"COST000503","PRJ013","LAB-CARP","2025-08-01","2800000","2594689","2524034","1.03","0.93"
"COST000504","PRJ013","SUB-STRC","2025-09-01","11700000","7670985","15332032","0.5","0.66"
"COST000505","PRJ013","MAT-STEEL","2025-10-01","12700000","11804181","12668320","0.93","0.93"
"COST000506","PRJ013","MAT-FIN","2025-11-01","8000000","7144001","7940349","0.9","0.89"
"COST000507","PRJ013","EQP-EARTH","2025-12-01","9700000","8791031","9528876","0.92","0.91"
"COST000508","PRJ013","SUB-STRC","2026-01-01","8300000","8843563","8593410","1.03","1.07"
"COST000509","PRJ013","SUB-WTR","2026-02-01","16600000","15304557","17540460","0.87","0.92"
"COST000510","PRJ013","OVH-QA","2026-03-01","11200000","10504949","11239618","0.93","0.94"
"COST000511","PRJ013","OVH-ADM","2026-04-01","9300000","8461584","9586935","0.88","0.91"
"COST000512","PRJ013","LAB-MEP","2026-05-01","6600000","5946760","6317693","0.94","0.9"
"COST000513","PRJ013","MAT-STEEL","2026-06-01","7900000","5473994","10294254","0.53","0.69"
"COST000514","PRJ013","MAT-BLK","2026-07-01","6400000","6339856","6324167","1","0.99"
"COST000515","PRJ013","EQP-PUMP","2026-08-01","12300000","11560250","12899933","0.9","0.94"
"COST000516","PRJ013","EQP-SCAF","2026-09-01","1400000","1237346","1441249","0.86","0.88"
"COST000517","PRJ013","SUB-FACADE","2024-10-01","17600000","17550999","19162513","0.92","1"
"COST000518","PRJ013","OVH-SITE","2024-11-01","9500000","8977778","9952443","0.9","0.95"
"COST000519","PRJ013","OVH-UTIL","2024-12-01","2100000","1971654","1984828","0.99","0.94"
"COST000520","PRJ013","LAB-REBR","2025-01-01","12700000","11749858","12675819","0.93","0.93"
"COST000521","PRJ014","SUB-MEP","2025-11-01","14400000","14846973","14287872","1.04","1.03"
"COST000522","PRJ014","SUB-EXT","2025-12-01","14400000","12775709","13260489","0.96","0.89"
"COST000523","PRJ014","OVH-HSE","2026-01-01","15600000","16382696","15373458","1.07","1.05"
"COST000524","PRJ014","LAB-CARP","2026-02-01","13700000","13618067","14781995","0.92","0.99"
"COST000525","PRJ014","LAB-FIN","2026-03-01","3400000","3036905","3419792","0.89","0.89"
"COST000526","PRJ014","MAT-STEEL","2026-04-01","6500000","4878970","8893830","0.55","0.75"
"COST000527","PRJ014","MAT-FIN","2026-05-01","9000000","8223651","9552077","0.86","0.91"
"COST000528","PRJ014","EQP-EARTH","2026-06-01","11700000","12299367","10660785","1.15","1.05"
"COST000529","PRJ014","SUB-STRC","2026-07-01","17800000","17792476","18295548","0.97","1"
"COST000530","PRJ014","SUB-WTR","2026-08-01","12300000","13201664","13510036","0.98","1.07"
"COST000531","PRJ014","OVH-QA","2026-09-01","7000000","6651486","7537907","0.88","0.95"
"COST000532","PRJ014","OVH-ADM","2024-10-01","4000000","4275511","3707660","1.15","1.07"
"COST000533","PRJ014","LAB-MEP","2024-11-01","10800000","11329615","10287697","1.1","1.05"
"COST000534","PRJ014","MAT-CEM","2024-12-01","4900000","4973602","4793785","1.04","1.02"
"COST000535","PRJ014","EQP-CRANE","2025-01-01","6200000","4404626","8148290","0.54","0.71"
"COST000536","PRJ014","EQP-PUMP","2025-02-01","2500000","2369865","2688563","0.88","0.95"
"COST000537","PRJ014","EQP-SCAF","2025-03-01","1700000","1593508","1496627","1.06","0.94"
"COST000538","PRJ014","SUB-FACADE","2025-04-01","11400000","11929223","11904777","1","1.05"
"COST000539","PRJ014","OVH-SITE","2025-05-01","3700000","3685588","3280722","1.12","1"
"COST000540","PRJ014","OVH-UTIL","2025-06-01","8600000","8396363","8001251","1.05","0.98"
"COST000541","PRJ014","LAB-REBR","2025-07-01","15600000","13948073","15712092","0.89","0.89"
"COST000542","PRJ014","LAB-SAF","2025-08-01","4300000","4547360","4498243","1.01","1.06"
"COST000543","PRJ014","MAT-AGG","2025-09-01","17200000","17419103","17300543","1.01","1.01"
"COST000544","PRJ014","SUB-STRC","2025-10-01","8400000","6147656","10185708","0.6","0.73"
"COST000545","PRJ014","EQP-GEN","2025-11-01","13500000","13019886","13771195","0.95","0.96"
"COST000546","PRJ014","SUB-MEP","2025-12-01","16000000","15604027","15485515","1.01","0.98"
"COST000547","PRJ014","SUB-EXT","2026-01-01","17100000","17972794","15487270","1.16","1.05"
"COST000548","PRJ014","OVH-HSE","2026-02-01","9700000","9507308","9565032","0.99","0.98"
"COST000549","PRJ014","LAB-CARP","2026-03-01","17300000","16185293","17979946","0.9","0.94"
"COST000550","PRJ014","LAB-FIN","2026-04-01","6900000","7256108","7391530","0.98","1.05"
"COST000551","PRJ014","MAT-STEEL","2026-05-01","2700000","2567643","2729923","0.94","0.95"
"COST000552","PRJ014","MAT-FIN","2026-06-01","12200000","12857582","11890362","1.08","1.05"
"COST000553","PRJ014","MAT-STEEL","2026-07-01","5800000","3809086","7892364","0.48","0.66"
"COST000554","PRJ014","SUB-STRC","2026-08-01","10200000","9108947","9254497","0.98","0.89"
"COST000555","PRJ014","SUB-WTR","2026-09-01","11300000","11121558","10728940","1.04","0.98"
"COST000556","PRJ014","OVH-QA","2024-10-01","5900000","5657139","5907229","0.96","0.96"
"COST000557","PRJ014","OVH-ADM","2024-11-01","11500000","12254345","10622413","1.15","1.07"
"COST000558","PRJ014","LAB-MEP","2024-12-01","7500000","7929084","7052410","1.12","1.06"
"COST000559","PRJ014","MAT-CEM","2025-01-01","16900000","16617558","16850355","0.99","0.98"
"COST000560","PRJ014","MAT-BLK","2025-02-01","13500000","12740665","14179720","0.9","0.94"
"COST000561","PRJ015","OVH-UTIL","2025-12-01","15300000","16097615","16714009","0.96","1.05"
"COST000562","PRJ015","LAB-REBR","2026-01-01","7300000","6902635","7380347","0.94","0.95"
"COST000563","PRJ015","LAB-SAF","2026-02-01","12200000","11657728","13120625","0.89","0.96"
"COST000564","PRJ015","MAT-AGG","2026-03-01","2100000","2031930","2218515","0.92","0.97"
"COST000565","PRJ015","EQP-CRANE","2026-04-01","3800000","3969186","3490535","1.14","1.04"
"COST000566","PRJ015","MAT-STEEL","2026-05-01","8800000","6321328","10975554","0.58","0.72"
"COST000567","PRJ015","SUB-MEP","2026-06-01","5600000","5244372","5445268","0.96","0.94"
"COST000568","PRJ015","SUB-EXT","2026-07-01","12900000","12111441","14165227","0.86","0.94"
"COST000569","PRJ015","OVH-HSE","2026-08-01","800000","797173","747476","1.07","1"
"COST000570","PRJ015","LAB-CARP","2026-09-01","8900000","7961133","7938549","1","0.89"
"COST000571","PRJ015","LAB-FIN","2024-10-01","2800000","2919696","2527903","1.15","1.04"
"COST000572","PRJ015","MAT-STEEL","2024-11-01","3700000","3855108","3767310","1.02","1.04"
"COST000573","PRJ015","MAT-FIN","2024-12-01","1900000","1818093","1679015","1.08","0.96"
"COST000574","PRJ015","EQP-EARTH","2025-01-01","17000000","18078084","15082017","1.2","1.06"
"COST000575","PRJ015","EQP-CRANE","2025-02-01","9700000","6354035","12465632","0.51","0.66"
"COST000576","PRJ015","SUB-WTR","2025-03-01","12300000","12155748","11331767","1.07","0.99"
"COST000577","PRJ015","OVH-QA","2025-04-01","7200000","7156482","6829746","1.05","0.99"
"COST000578","PRJ015","OVH-ADM","2025-05-01","10200000","9658014","10546035","0.92","0.95"
"COST000579","PRJ015","LAB-MEP","2025-06-01","800000","757614","824459","0.92","0.95"
"COST000580","PRJ015","MAT-CEM","2025-07-01","9000000","8434396","8929882","0.94","0.94"
"COST000581","PRJ015","MAT-BLK","2025-08-01","14600000","14621478","14619266","1","1"
"COST000582","PRJ015","EQP-PUMP","2025-09-01","9900000","10357252","10421799","0.99","1.05"
"COST000583","PRJ015","EQP-SCAF","2025-10-01","2800000","2719096","2522818","1.08","0.97"
"COST000584","PRJ015","SUB-STRC","2025-11-01","5200000","3287115","6755433","0.49","0.63"
"COST000585","PRJ015","OVH-SITE","2025-12-01","6900000","7032546","6764528","1.04","1.02"
"COST000586","PRJ015","OVH-UTIL","2026-01-01","10300000","10964576","10333710","1.06","1.06"
"COST000587","PRJ015","LAB-REBR","2026-02-01","7700000","6933718","8120915","0.85","0.9"
"COST000588","PRJ015","LAB-SAF","2026-03-01","17900000","15827216","17345324","0.91","0.88"
"COST000589","PRJ015","MAT-AGG","2026-04-01","11600000","10756610","11689580","0.92","0.93"
"COST000590","PRJ015","EQP-CRANE","2026-05-01","13600000","12546653","14415671","0.87","0.92"
"COST000591","PRJ015","EQP-GEN","2026-06-01","7400000","7258004","7721126","0.94","0.98"
"COST000592","PRJ015","SUB-MEP","2026-07-01","10400000","9854731","10271385","0.96","0.95"
"COST000593","PRJ015","MAT-STEEL","2026-08-01","7700000","5919754","9476767","0.62","0.77"
"COST000594","PRJ015","OVH-HSE","2026-09-01","17600000","18312491","19276058","0.95","1.04"
"COST000595","PRJ015","LAB-CARP","2024-10-01","4100000","4357280","3756329","1.16","1.06"
"COST000596","PRJ015","LAB-FIN","2024-11-01","4300000","3928907","4350784","0.9","0.91"
"COST000597","PRJ015","MAT-STEEL","2024-12-01","6900000","7307618","7126382","1.03","1.06"
"COST000598","PRJ015","MAT-FIN","2025-01-01","8200000","8458122","8281429","1.02","1.03"
"COST000599","PRJ015","EQP-EARTH","2025-02-01","5400000","4769845","4890229","0.98","0.88"
"COST000600","PRJ015","SUB-STRC","2025-03-01","5500000","5836227","4934677","1.18","1.06"
"COST000601","PRJ016","MAT-CEM","2026-01-01","2500000","2292594","2628428","0.87","0.92"
"COST000602","PRJ016","MAT-BLK","2026-02-01","10800000","10987798","11103175","0.99","1.02"
"COST000603","PRJ016","EQP-PUMP","2026-03-01","4100000","4207489","4428982","0.95","1.03"
"COST000604","PRJ016","EQP-SCAF","2026-04-01","3900000","4060439","4098407","0.99","1.04"
"COST000605","PRJ016","SUB-FACADE","2026-05-01","13100000","13163012","12961277","1.02","1"
"COST000606","PRJ016","MAT-STEEL","2026-06-01","14500000","9269583","17225459","0.54","0.64"
"COST000607","PRJ016","OVH-UTIL","2026-07-01","11100000","11727633","10092818","1.16","1.06"
"COST000608","PRJ016","LAB-REBR","2026-08-01","16500000","16047186","17424515","0.92","0.97"
"COST000609","PRJ016","LAB-SAF","2026-09-01","4500000","4090372","4377716","0.93","0.91"
"COST000610","PRJ016","MAT-AGG","2024-10-01","12200000","13107160","11764421","1.11","1.07"
"COST000611","PRJ016","EQP-CRANE","2024-11-01","16600000","16078729","17578299","0.91","0.97"
"COST000612","PRJ016","EQP-GEN","2024-12-01","15900000","15791738","15148687","1.04","0.99"
"COST000613","PRJ016","SUB-MEP","2025-01-01","12000000","11351625","11373664","1","0.95"
"COST000614","PRJ016","SUB-EXT","2025-02-01","5500000","5651391","5687477","0.99","1.03"
"COST000615","PRJ016","EQP-CRANE","2025-03-01","11400000","8703229","13444492","0.65","0.76"
"COST000616","PRJ016","LAB-CARP","2025-04-01","13200000","12870901","13938653","0.92","0.98"
"COST000617","PRJ016","LAB-FIN","2025-05-01","13900000","12825853","15144346","0.85","0.92"
"COST000618","PRJ016","MAT-STEEL","2025-06-01","12700000","12103149","13076997","0.93","0.95"
"COST000619","PRJ016","MAT-FIN","2025-07-01","4100000","4126013","3888734","1.06","1.01"
"COST000620","PRJ016","EQP-EARTH","2025-08-01","11100000","10213490","10107444","1.01","0.92"
"COST000621","PRJ016","SUB-STRC","2025-09-01","7200000","6882712","6377884","1.08","0.96"
"COST000622","PRJ016","SUB-WTR","2025-10-01","4400000","4535190","3885036","1.17","1.03"
"COST000623","PRJ016","OVH-QA","2025-11-01","17100000","17379979","15626982","1.11","1.02"
"COST000624","PRJ016","SUB-STRC","2025-12-01","14000000","9107449","16793814","0.54","0.65"
"COST000625","PRJ016","LAB-MEP","2026-01-01","11100000","10636016","10884091","0.98","0.96"
"COST000626","PRJ016","MAT-CEM","2026-02-01","8400000","7626938","8863138","0.86","0.91"
"COST000627","PRJ016","MAT-BLK","2026-03-01","15200000","14480617","15852463","0.91","0.95"
"COST000628","PRJ016","EQP-PUMP","2026-04-01","13000000","12394935","13876461","0.89","0.95"
"COST000629","PRJ016","EQP-SCAF","2026-05-01","14000000","13447921","12584920","1.07","0.96"
"COST000630","PRJ016","SUB-FACADE","2026-06-01","13300000","12228544","14085596","0.87","0.92"
"COST000631","PRJ016","OVH-SITE","2026-07-01","5200000","5091720","5301494","0.96","0.98"
"COST000632","PRJ016","OVH-UTIL","2026-08-01","11400000","11752277","11447684","1.03","1.03"
"COST000633","PRJ016","MAT-STEEL","2026-09-01","5200000","3414795","6493099","0.53","0.66"
"COST000634","PRJ016","LAB-SAF","2024-10-01","7000000","6458972","7198456","0.9","0.92"
"COST000635","PRJ016","MAT-AGG","2024-11-01","3800000","4023582","3908628","1.03","1.06"
"COST000636","PRJ016","EQP-CRANE","2024-12-01","8300000","8745737","8056713","1.09","1.05"
"COST000637","PRJ016","EQP-GEN","2025-01-01","6100000","6217231","5594307","1.11","1.02"
"COST000638","PRJ016","SUB-MEP","2025-02-01","17600000","16870034","18770711","0.9","0.96"
"COST000639","PRJ016","SUB-EXT","2025-03-01","17600000","16610636","16115769","1.03","0.94"
"COST000640","PRJ016","OVH-HSE","2025-04-01","6700000","6729357","6747993","1","1"
"COST000641","PRJ017","EQP-EARTH","2026-02-01","17200000","15552443","16775752","0.93","0.9"
"COST000642","PRJ017","SUB-STRC","2026-03-01","10700000","9669498","10142128","0.95","0.9"
"COST000643","PRJ017","SUB-WTR","2026-04-01","14600000","15544375","12932384","1.2","1.06"
"COST000644","PRJ017","OVH-QA","2026-05-01","2200000","2232192","2417980","0.92","1.01"
"COST000645","PRJ017","OVH-ADM","2026-06-01","2000000","1932685","1938545","1","0.97"
"COST000646","PRJ017","MAT-STEEL","2026-07-01","4400000","3437439","5591747","0.61","0.78"
"COST000647","PRJ017","MAT-CEM","2026-08-01","10300000","9591736","10856709","0.88","0.93"
"COST000648","PRJ017","MAT-BLK","2026-09-01","11000000","11766987","10924005","1.08","1.07"
"COST000649","PRJ017","EQP-PUMP","2024-10-01","16300000","15192230","17571521","0.86","0.93"
"COST000650","PRJ017","EQP-SCAF","2024-11-01","3400000","3043300","3104567","0.98","0.9"
"COST000651","PRJ017","SUB-FACADE","2024-12-01","6100000","6338547","6656244","0.95","1.04"
"COST000652","PRJ017","OVH-SITE","2025-01-01","8600000","9201354","9272363","0.99","1.07"
"COST000653","PRJ017","OVH-UTIL","2025-02-01","14100000","13353556","12423617","1.07","0.95"
"COST000654","PRJ017","LAB-REBR","2025-03-01","15700000","15401741","15840654","0.97","0.98"
"COST000655","PRJ017","EQP-CRANE","2025-04-01","2800000","1780906","3720330","0.48","0.64"
"COST000656","PRJ017","MAT-AGG","2025-05-01","17500000","15663369","18047186","0.87","0.9"
"COST000657","PRJ017","EQP-CRANE","2025-06-01","1100000","1173015","1048033","1.12","1.07"
"COST000658","PRJ017","EQP-GEN","2025-07-01","8800000","8426583","8433538","1","0.96"
"COST000659","PRJ017","SUB-MEP","2025-08-01","16500000","16418158","16988367","0.97","1"
"COST000660","PRJ017","SUB-EXT","2025-09-01","6900000","6464844","7252397","0.89","0.94"
"COST000661","PRJ017","OVH-HSE","2025-10-01","14900000","15010682","13512218","1.11","1.01"
"COST000662","PRJ017","LAB-CARP","2025-11-01","1900000","1732020","1868777","0.93","0.91"
"COST000663","PRJ017","LAB-FIN","2025-12-01","6000000","6128002","5976916","1.03","1.02"
"COST000664","PRJ017","SUB-STRC","2026-01-01","4400000","3208177","5749573","0.56","0.73"
"COST000665","PRJ017","MAT-FIN","2026-02-01","5000000","5068435","5071682","1","1.01"
"COST000666","PRJ017","EQP-EARTH","2026-03-01","3600000","3475787","3436049","1.01","0.97"
"COST000667","PRJ017","SUB-STRC","2026-04-01","16300000","14827268","15550005","0.95","0.91"
"COST000668","PRJ017","SUB-WTR","2026-05-01","5200000","5297552","5635079","0.94","1.02"
"COST000669","PRJ017","OVH-QA","2026-06-01","16700000","15476253","15293914","1.01","0.93"
"COST000670","PRJ017","OVH-ADM","2026-07-01","14000000","14451316","14225663","1.02","1.03"
"COST000671","PRJ017","LAB-MEP","2026-08-01","13700000","14586039","13290864","1.1","1.06"
"COST000672","PRJ017","MAT-CEM","2026-09-01","12400000","11176327","12644553","0.88","0.9"
"COST000673","PRJ017","MAT-STEEL","2024-10-01","5800000","4390059","6805546","0.65","0.76"
"COST000674","PRJ017","EQP-PUMP","2024-11-01","1700000","1827812","1761411","1.04","1.08"
"COST000675","PRJ017","EQP-SCAF","2024-12-01","16100000","15690399","14290476","1.1","0.97"
"COST000676","PRJ017","SUB-FACADE","2025-01-01","6700000","6894249","6789602","1.02","1.03"
"COST000677","PRJ017","OVH-SITE","2025-02-01","13300000","12744650","12551203","1.02","0.96"
"COST000678","PRJ017","OVH-UTIL","2025-03-01","17600000","17905574","17951443","1","1.02"
"COST000679","PRJ017","LAB-REBR","2025-04-01","2800000","2953629","2495142","1.18","1.05"
"COST000680","PRJ017","LAB-SAF","2025-05-01","2300000","2428976","2235360","1.09","1.06"
"COST000681","PRJ018","SUB-EXT","2026-03-01","6800000","7256259","6409953","1.13","1.07"
"COST000682","PRJ018","OVH-HSE","2026-04-01","2900000","2554196","2664480","0.96","0.88"
"COST000683","PRJ018","LAB-CARP","2026-05-01","11200000","10434029","10648666","0.98","0.93"
"COST000684","PRJ018","LAB-FIN","2026-06-01","11200000","9902387","11491540","0.86","0.88"
"COST000685","PRJ018","MAT-STEEL","2026-07-01","14500000","13947607","14108131","0.99","0.96"
"COST000686","PRJ018","MAT-STEEL","2026-08-01","16100000","11279224","19193901","0.59","0.7"
"COST000687","PRJ018","EQP-EARTH","2026-09-01","9600000","9742166","8870397","1.1","1.01"
"COST000688","PRJ018","SUB-STRC","2024-10-01","1000000","990532","931497","1.06","0.99"
"COST000689","PRJ018","SUB-WTR","2024-11-01","15300000","14483778","14798271","0.98","0.95"
"COST000690","PRJ018","OVH-QA","2024-12-01","1700000","1574160","1702724","0.92","0.93"
"COST000691","PRJ018","OVH-ADM","2025-01-01","10400000","10770091","9833795","1.1","1.04"
"COST000692","PRJ018","LAB-MEP","2025-02-01","14100000","14599699","13967410","1.05","1.04"
"COST000693","PRJ018","MAT-CEM","2025-03-01","1400000","1501932","1358473","1.11","1.07"
"COST000694","PRJ018","MAT-BLK","2025-04-01","800000","776611","865143","0.9","0.97"
"COST000695","PRJ018","EQP-CRANE","2025-05-01","13900000","9489583","16712327","0.57","0.68"
"COST000696","PRJ018","EQP-SCAF","2025-06-01","800000","847894","809828","1.05","1.06"
"COST000697","PRJ018","SUB-FACADE","2025-07-01","8300000","8919815","7388310","1.21","1.07"
"COST000698","PRJ018","OVH-SITE","2025-08-01","4800000","4842985","4983089","0.97","1.01"
"COST000699","PRJ018","OVH-UTIL","2025-09-01","8500000","8494195","8208986","1.03","1"
"COST000700","PRJ018","LAB-REBR","2025-10-01","900000","888566","906925","0.98","0.99"
"COST000701","PRJ018","LAB-SAF","2025-11-01","5800000","5400247","5623102","0.96","0.93"
"COST000702","PRJ018","MAT-AGG","2025-12-01","11700000","10901854","10477013","1.04","0.93"
"COST000703","PRJ018","EQP-CRANE","2026-01-01","9500000","8948740","10223612","0.88","0.94"
"COST000704","PRJ018","SUB-STRC","2026-02-01","7200000","5194198","9402029","0.55","0.72"
"COST000705","PRJ018","SUB-MEP","2026-03-01","6900000","6539881","7312407","0.89","0.95"
"COST000706","PRJ018","SUB-EXT","2026-04-01","15400000","16122364","15818825","1.02","1.05"
"COST000707","PRJ018","OVH-HSE","2026-05-01","17400000","16360905","18335048","0.89","0.94"
"COST000708","PRJ018","LAB-CARP","2026-06-01","1900000","1687140","1738708","0.97","0.89"
"COST000709","PRJ018","LAB-FIN","2026-07-01","3000000","2837083","3257640","0.87","0.95"
"COST000710","PRJ018","MAT-STEEL","2026-08-01","13400000","12583885","12827081","0.98","0.94"
"COST000711","PRJ018","MAT-FIN","2026-09-01","13400000","12683957","12047016","1.05","0.95"
"COST000712","PRJ018","EQP-EARTH","2024-10-01","5400000","4939053","4862992","1.02","0.91"
"COST000713","PRJ018","MAT-STEEL","2024-11-01","16700000","10434311","22232343","0.47","0.62"
"COST000714","PRJ018","SUB-WTR","2024-12-01","13700000","12989279","12969018","1","0.95"
"COST000715","PRJ018","OVH-QA","2025-01-01","1200000","1120668","1103844","1.02","0.93"
"COST000716","PRJ018","OVH-ADM","2025-02-01","9900000","9584767","10216489","0.94","0.97"
"COST000717","PRJ018","LAB-MEP","2025-03-01","16000000","15157188","15748872","0.96","0.95"
"COST000718","PRJ018","MAT-CEM","2025-04-01","2900000","3004405","2619224","1.15","1.04"
"COST000719","PRJ018","MAT-BLK","2025-05-01","12500000","13048466","12098308","1.08","1.04"
"COST000720","PRJ018","EQP-PUMP","2025-06-01","6600000","7086329","7049320","1.01","1.07"
"COST000721","PRJ019","LAB-REBR","2026-04-01","6800000","6721718","7306867","0.92","0.99"
"COST000722","PRJ019","LAB-SAF","2026-05-01","3500000","3335664","3699218","0.9","0.95"
"COST000723","PRJ019","MAT-AGG","2026-06-01","5400000","4993739","5691804","0.88","0.92"
"COST000724","PRJ019","EQP-CRANE","2026-07-01","17600000","15907874","15546240","1.02","0.9"
"COST000725","PRJ019","EQP-GEN","2026-08-01","10700000","10448998","10553030","0.99","0.98"
"COST000726","PRJ019","MAT-STEEL","2026-09-01","13200000","8880550","16542596","0.54","0.67"
"COST000727","PRJ019","SUB-EXT","2024-10-01","9900000","9985688","10737893","0.93","1.01"
"COST000728","PRJ019","OVH-HSE","2024-11-01","5600000","5609307","4992278","1.12","1"
"COST000729","PRJ019","LAB-CARP","2024-12-01","15800000","15529157","16683196","0.93","0.98"
"COST000730","PRJ019","LAB-FIN","2025-01-01","800000","735520","856065","0.86","0.92"
"COST000731","PRJ019","MAT-STEEL","2025-02-01","13100000","13519344","14105260","0.96","1.03"
"COST000732","PRJ019","MAT-FIN","2025-03-01","9600000","10276226","8457560","1.22","1.07"
"COST000733","PRJ019","EQP-EARTH","2025-04-01","2400000","2357598","2343996","1.01","0.98"
"COST000734","PRJ019","SUB-STRC","2025-05-01","11300000","10169525","11777759","0.86","0.9"
"COST000735","PRJ019","EQP-CRANE","2025-06-01","2100000","1628680","2581286","0.63","0.78"
"COST000736","PRJ019","OVH-QA","2025-07-01","1600000","1463270","1749866","0.84","0.91"
"COST000737","PRJ019","OVH-ADM","2025-08-01","12100000","11832345","11942232","0.99","0.98"
"COST000738","PRJ019","LAB-MEP","2025-09-01","1400000","1392922","1442670","0.97","0.99"
"COST000739","PRJ019","MAT-CEM","2025-10-01","2800000","2919808","2688123","1.09","1.04"
"COST000740","PRJ019","MAT-BLK","2025-11-01","16400000","14644149","14988235","0.98","0.89"
"COST000741","PRJ019","EQP-PUMP","2025-12-01","11200000","11620780","12015133","0.97","1.04"
"COST000742","PRJ019","EQP-SCAF","2026-01-01","11800000","12407850","10823263","1.15","1.05"
"COST000743","PRJ019","SUB-FACADE","2026-02-01","17900000","18012462","19071472","0.94","1.01"
"COST000744","PRJ019","SUB-STRC","2026-03-01","13000000","9509047","15230863","0.62","0.73"
"COST000745","PRJ019","OVH-UTIL","2026-04-01","1500000","1349006","1518632","0.89","0.9"
"COST000746","PRJ019","LAB-REBR","2026-05-01","8400000","7715733","8156263","0.95","0.92"
"COST000747","PRJ019","LAB-SAF","2026-06-01","8900000","9255755","8262430","1.12","1.04"
"COST000748","PRJ019","MAT-AGG","2026-07-01","1100000","1037984","1081556","0.96","0.94"
"COST000749","PRJ019","EQP-CRANE","2026-08-01","15600000","15440160","16443544","0.94","0.99"
"COST000750","PRJ019","EQP-GEN","2026-09-01","6800000","6630717","6373045","1.04","0.98"
"COST000751","PRJ019","SUB-MEP","2024-10-01","13400000","11912753","11808341","1.01","0.89"
"COST000752","PRJ019","SUB-EXT","2024-11-01","5100000","5056746","4916103","1.03","0.99"
"COST000753","PRJ019","MAT-STEEL","2024-12-01","15300000","10639411","18112735","0.59","0.7"
"COST000754","PRJ019","LAB-CARP","2025-01-01","1000000","988613","1075138","0.92","0.99"
"COST000755","PRJ019","LAB-FIN","2025-02-01","17700000","17899552","18934960","0.95","1.01"
"COST000756","PRJ019","MAT-STEEL","2025-03-01","7000000","6954698","6192855","1.12","0.99"
"COST000757","PRJ019","MAT-FIN","2025-04-01","17800000","17225242","16295106","1.06","0.97"
"COST000758","PRJ019","EQP-EARTH","2025-05-01","11600000","12510269","10893907","1.15","1.08"
"COST000759","PRJ019","SUB-STRC","2025-06-01","7100000","7392385","6806166","1.09","1.04"
"COST000760","PRJ019","SUB-WTR","2025-07-01","12900000","11594893","14130289","0.82","0.9"
"COST000761","PRJ020","MAT-BLK","2026-05-01","16000000","16972688","15359499","1.11","1.06"
"COST000762","PRJ020","EQP-PUMP","2026-06-01","2200000","2364548","2140487","1.1","1.07"
"COST000763","PRJ020","EQP-SCAF","2026-07-01","7900000","8039319","8280273","0.97","1.02"
"COST000764","PRJ020","SUB-FACADE","2026-08-01","12500000","12526567","11452761","1.09","1"
"COST000765","PRJ020","OVH-SITE","2026-09-01","13200000","13039038","12633390","1.03","0.99"
"COST000766","PRJ020","MAT-STEEL","2024-10-01","9800000","6877614","11601823","0.59","0.7"
"COST000767","PRJ020","LAB-REBR","2024-11-01","2400000","2149518","2518430","0.85","0.9"
"COST000768","PRJ020","LAB-SAF","2024-12-01","6000000","5331009","5688097","0.94","0.89"
"COST000769","PRJ020","MAT-AGG","2025-01-01","5700000","5268009","5437641","0.97","0.92"
"COST000770","PRJ020","EQP-CRANE","2025-02-01","16200000","17422066","16092546","1.08","1.08"
"COST000771","PRJ020","EQP-GEN","2025-03-01","11300000","11421255","11051339","1.03","1.01"
"COST000772","PRJ020","SUB-MEP","2025-04-01","11600000","12520167","10737512","1.17","1.08"
"COST000773","PRJ020","SUB-EXT","2025-05-01","3100000","2844663","2759844","1.03","0.92"
"COST000774","PRJ020","OVH-HSE","2025-06-01","9800000","10519285","9315439","1.13","1.07"
"COST000775","PRJ020","EQP-CRANE","2025-07-01","6200000","4987754","7742126","0.64","0.8"
"COST000776","PRJ020","LAB-FIN","2025-08-01","3700000","3487405","3779826","0.92","0.94"
"COST000777","PRJ020","MAT-STEEL","2025-09-01","15800000","15205290","14018324","1.08","0.96"
"COST000778","PRJ020","MAT-FIN","2025-10-01","15300000","14713426","14753204","1","0.96"
"COST000779","PRJ020","EQP-EARTH","2025-11-01","11400000","11169875","10561127","1.06","0.98"
"COST000780","PRJ020","SUB-STRC","2025-12-01","5700000","5596046","5441408","1.03","0.98"
"COST000781","PRJ020","SUB-WTR","2026-01-01","17500000","17054030","18337149","0.93","0.97"
"COST000782","PRJ020","OVH-QA","2026-02-01","5200000","5177412","4847066","1.07","1"
"COST000783","PRJ020","OVH-ADM","2026-03-01","10700000","10367014","10615619","0.98","0.97"
"COST000784","PRJ020","SUB-STRC","2026-04-01","1400000","955398","1643651","0.58","0.68"
"COST000785","PRJ020","MAT-CEM","2026-05-01","9000000","8643872","9714812","0.89","0.96"
"COST000786","PRJ020","MAT-BLK","2026-06-01","14200000","14926743","15413322","0.97","1.05"
"COST000787","PRJ020","EQP-PUMP","2026-07-01","15700000","15635815","16465393","0.95","1"
"COST000788","PRJ020","EQP-SCAF","2026-08-01","8700000","8797400","8016521","1.1","1.01"
"COST000789","PRJ020","SUB-FACADE","2026-09-01","4100000","4083650","4228476","0.97","1"
"COST000790","PRJ020","OVH-SITE","2024-10-01","7300000","7849152","7869616","1","1.08"
"COST000791","PRJ020","OVH-UTIL","2024-11-01","9900000","8758974","9800133","0.89","0.88"
"COST000792","PRJ020","LAB-REBR","2024-12-01","8100000","8300118","7598548","1.09","1.02"
"COST000793","PRJ020","MAT-STEEL","2025-01-01","14300000","11378256","19726599","0.58","0.8"
"COST000794","PRJ020","MAT-AGG","2025-02-01","7600000","6791347","8212325","0.83","0.89"
"COST000795","PRJ020","EQP-CRANE","2025-03-01","3100000","3312865","3253399","1.02","1.07"
"COST000796","PRJ020","EQP-GEN","2025-04-01","2100000","2062764","1938595","1.06","0.98"
"COST000797","PRJ020","SUB-MEP","2025-05-01","11700000","11774792","10495072","1.12","1.01"
"COST000798","PRJ020","SUB-EXT","2025-06-01","16200000","16306890","17440503","0.94","1.01"
"COST000799","PRJ020","OVH-HSE","2025-07-01","5000000","4562901","4517307","1.01","0.91"
"COST000800","PRJ020","LAB-CARP","2025-08-01","1500000","1359319","1523419","0.89","0.91"
"COST000801","PRJ021","SUB-STRC","2026-06-01","14100000","12703182","14693159","0.86","0.9"
"COST000802","PRJ021","SUB-WTR","2026-07-01","8600000","8164956","8392275","0.97","0.95"
"COST000803","PRJ021","OVH-QA","2026-08-01","7300000","7284064","7625491","0.96","1"
"COST000804","PRJ021","OVH-ADM","2026-09-01","1600000","1527596","1572671","0.97","0.95"
"COST000805","PRJ021","LAB-MEP","2024-10-01","9000000","8560295","9241261","0.93","0.95"
"COST000806","PRJ021","MAT-STEEL","2024-11-01","5100000","3311809","6773642","0.49","0.65"
"COST000807","PRJ021","MAT-BLK","2024-12-01","2300000","2258041","2310367","0.98","0.98"
"COST000808","PRJ021","EQP-PUMP","2025-01-01","7700000","7469193","8311597","0.9","0.97"
"COST000809","PRJ021","EQP-SCAF","2025-02-01","12000000","10689186","13014766","0.82","0.89"
"COST000810","PRJ021","SUB-FACADE","2025-03-01","2300000","2271936","2083051","1.09","0.99"
"COST000811","PRJ021","OVH-SITE","2025-04-01","12000000","12516275","13125213","0.95","1.04"
"COST000812","PRJ021","OVH-UTIL","2025-05-01","3100000","3185057","2925512","1.09","1.03"
"COST000813","PRJ021","LAB-REBR","2025-06-01","12800000","11296659","12393699","0.91","0.88"
"COST000814","PRJ021","LAB-SAF","2025-07-01","6300000","5872188","6822665","0.86","0.93"
"COST000815","PRJ021","EQP-CRANE","2025-08-01","4700000","3352124","5771107","0.58","0.71"
"COST000816","PRJ021","EQP-CRANE","2025-09-01","6400000","6525426","5696237","1.15","1.02"
"COST000817","PRJ021","EQP-GEN","2025-10-01","13600000","13947047","13963919","1","1.03"
"COST000818","PRJ021","SUB-MEP","2025-11-01","1600000","1569705","1655335","0.95","0.98"
"COST000819","PRJ021","SUB-EXT","2025-12-01","4400000","4664090","4511889","1.03","1.06"
"COST000820","PRJ021","OVH-HSE","2026-01-01","8000000","8261704","7519974","1.1","1.03"
"COST000821","PRJ021","LAB-CARP","2026-02-01","17500000","16841296","16561025","1.02","0.96"
"COST000822","PRJ021","LAB-FIN","2026-03-01","11000000","11467769","11864428","0.97","1.04"
"COST000823","PRJ021","MAT-STEEL","2026-04-01","17500000","15650690","16274095","0.96","0.89"
"COST000824","PRJ021","SUB-STRC","2026-05-01","4800000","3706241","5660321","0.65","0.77"
"COST000825","PRJ021","EQP-EARTH","2026-06-01","10700000","10042281","9446461","1.06","0.94"
"COST000826","PRJ021","SUB-STRC","2026-07-01","17200000","18209635","18757038","0.97","1.06"
"COST000827","PRJ021","SUB-WTR","2026-08-01","5900000","5859651","5424471","1.08","0.99"
"COST000828","PRJ021","OVH-QA","2026-09-01","11300000","12049765","9991576","1.21","1.07"
"COST000829","PRJ021","OVH-ADM","2024-10-01","4300000","4451224","4120400","1.08","1.04"
"COST000830","PRJ021","LAB-MEP","2024-11-01","9400000","8489263","10191152","0.83","0.9"
"COST000831","PRJ021","MAT-CEM","2024-12-01","16900000","18142253","16605637","1.09","1.07"
"COST000832","PRJ021","MAT-BLK","2025-01-01","14300000","13818815","15034131","0.92","0.97"
"COST000833","PRJ021","MAT-STEEL","2025-02-01","4400000","3498192","5484872","0.64","0.8"
"COST000834","PRJ021","EQP-SCAF","2025-03-01","4300000","4625161","3944652","1.17","1.08"
"COST000835","PRJ021","SUB-FACADE","2025-04-01","8200000","7423087","8134811","0.91","0.91"
"COST000836","PRJ021","OVH-SITE","2025-05-01","8000000","8038245","7780641","1.03","1"
"COST000837","PRJ021","OVH-UTIL","2025-06-01","9500000","9849041","8778923","1.12","1.04"
"COST000838","PRJ021","LAB-REBR","2025-07-01","2800000","2700847","3050427","0.89","0.96"
"COST000839","PRJ021","LAB-SAF","2025-08-01","12000000","11823415","12297848","0.96","0.99"
"COST000840","PRJ021","MAT-AGG","2025-09-01","12100000","11712148","10967984","1.07","0.97"
"COST000841","PRJ022","OVH-HSE","2026-07-01","2100000","1973227","2106256","0.94","0.94"
"COST000842","PRJ022","LAB-CARP","2026-08-01","7100000","6623702","7009293","0.94","0.93"
"COST000843","PRJ022","LAB-FIN","2026-09-01","13100000","12920322","12382909","1.04","0.99"
"COST000844","PRJ022","MAT-STEEL","2024-10-01","8800000","8104510","8482368","0.96","0.92"
"COST000845","PRJ022","MAT-FIN","2024-11-01","15700000","14090412","14909225","0.95","0.9"
"COST000846","PRJ022","MAT-STEEL","2024-12-01","12500000","9027036","16931950","0.53","0.72"
"COST000847","PRJ022","SUB-STRC","2025-01-01","7100000","7066652","7021772","1.01","1"
"COST000848","PRJ022","SUB-WTR","2025-02-01","11800000","11657259","12864801","0.91","0.99"
"COST000849","PRJ022","OVH-QA","2025-03-01","12500000","11920099","12805437","0.93","0.95"
"COST000850","PRJ022","OVH-ADM","2025-04-01","9600000","9254971","9951449","0.93","0.96"
"COST000851","PRJ022","LAB-MEP","2025-05-01","5100000","4563833","4803822","0.95","0.89"
"COST000852","PRJ022","MAT-CEM","2025-06-01","9800000","8988295","10327419","0.87","0.92"
"COST000853","PRJ022","MAT-BLK","2025-07-01","4000000","4051071","3949198","1.03","1.01"
"COST000854","PRJ022","EQP-PUMP","2025-08-01","12900000","12821119","12611000","1.02","0.99"
"COST000855","PRJ022","EQP-CRANE","2025-09-01","10000000","7067658","11855727","0.6","0.71"
"COST000856","PRJ022","SUB-FACADE","2025-10-01","14300000","14713539","13464292","1.09","1.03"
"COST000857","PRJ022","OVH-SITE","2025-11-01","7500000","7202814","7313623","0.98","0.96"
"COST000858","PRJ022","OVH-UTIL","2025-12-01","11000000","10640334","10221853","1.04","0.97"
"COST000859","PRJ022","LAB-REBR","2026-01-01","7900000","7041915","7638615","0.92","0.89"
"COST000860","PRJ022","LAB-SAF","2026-02-01","16600000","17384646","18252136","0.95","1.05"
"COST000861","PRJ022","MAT-AGG","2026-03-01","4700000","5049126","4646178","1.09","1.07"
"COST000862","PRJ022","EQP-CRANE","2026-04-01","8900000","8636753","8730707","0.99","0.97"
"COST000863","PRJ022","EQP-GEN","2026-05-01","12000000","12005440","13154108","0.91","1"
"COST000864","PRJ022","SUB-STRC","2026-06-01","16200000","12999267","20608252","0.63","0.8"
"COST000865","PRJ022","SUB-EXT","2026-07-01","5200000","5102661","4767253","1.07","0.98"
"COST000866","PRJ022","OVH-HSE","2026-08-01","12300000","11199500","11215599","1","0.91"
"COST000867","PRJ022","LAB-CARP","2026-09-01","13700000","12339268","12517636","0.99","0.9"
"COST000868","PRJ022","LAB-FIN","2024-10-01","10800000","9763301","9910180","0.99","0.9"
"COST000869","PRJ022","MAT-STEEL","2024-11-01","17300000","17586412","17802777","0.99","1.02"
"COST000870","PRJ022","MAT-FIN","2024-12-01","8300000","7330321","8571373","0.86","0.88"
"COST000871","PRJ022","EQP-EARTH","2025-01-01","5400000","5558570","5922496","0.94","1.03"
"COST000872","PRJ022","SUB-STRC","2025-02-01","8600000","7952265","9362586","0.85","0.92"
"COST000873","PRJ022","MAT-STEEL","2025-03-01","9900000","6506648","13020354","0.5","0.66"
"COST000874","PRJ022","OVH-QA","2025-04-01","16700000","16932715","14836986","1.14","1.01"
"COST000875","PRJ022","OVH-ADM","2025-05-01","8200000","8655603","8135831","1.06","1.06"
"COST000876","PRJ022","LAB-MEP","2025-06-01","11500000","12015716","11109436","1.08","1.04"
"COST000877","PRJ022","MAT-CEM","2025-07-01","800000","741471","863456","0.86","0.93"
"COST000878","PRJ022","MAT-BLK","2025-08-01","12400000","12428554","11818880","1.05","1"
"COST000879","PRJ022","EQP-PUMP","2025-09-01","1800000","1889559","1814914","1.04","1.05"
"COST000880","PRJ022","EQP-SCAF","2025-10-01","16300000","15103359","16286079","0.93","0.93"
"COST000881","PRJ023","LAB-SAF","2026-08-01","1300000","1146791","1410489","0.81","0.88"
"COST000882","PRJ023","MAT-AGG","2026-09-01","8900000","9520536","9693936","0.98","1.07"
"COST000883","PRJ023","EQP-CRANE","2024-10-01","1400000","1332985","1332154","1","0.95"
"COST000884","PRJ023","EQP-GEN","2024-11-01","16700000","15627159","15237341","1.03","0.94"
"COST000885","PRJ023","SUB-MEP","2024-12-01","12000000","12319103","10922829","1.13","1.03"
"COST000886","PRJ023","MAT-STEEL","2025-01-01","9500000","7080315","12669926","0.56","0.75"
"COST000887","PRJ023","OVH-HSE","2025-02-01","10900000","9956816","10342511","0.96","0.91"
"COST000888","PRJ023","LAB-CARP","2025-03-01","13700000","13645116","14261779","0.96","1"
"COST000889","PRJ023","LAB-FIN","2025-04-01","11300000","10877887","11681010","0.93","0.96"
"COST000890","PRJ023","MAT-STEEL","2025-05-01","1300000","1318177","1149886","1.15","1.01"
"COST000891","PRJ023","MAT-FIN","2025-06-01","7400000","7025237","6718648","1.05","0.95"
"COST000892","PRJ023","EQP-EARTH","2025-07-01","11700000","11825848","12246973","0.97","1.01"
"COST000893","PRJ023","SUB-STRC","2025-08-01","11000000","10457348","9863346","1.06","0.95"
"COST000894","PRJ023","SUB-WTR","2025-09-01","3800000","3880509","4175287","0.93","1.02"
"COST000895","PRJ023","EQP-CRANE","2025-10-01","1700000","1194287","2248073","0.53","0.7"
"COST000896","PRJ023","OVH-ADM","2025-11-01","5600000","5802698","5908047","0.98","1.04"
"COST000897","PRJ023","LAB-MEP","2025-12-01","16700000","14854671","15197598","0.98","0.89"
"COST000898","PRJ023","MAT-CEM","2026-01-01","4400000","4172424","4502251","0.93","0.95"
"COST000899","PRJ023","MAT-BLK","2026-02-01","12900000","12422092","11766636","1.06","0.96"
"COST000900","PRJ023","EQP-PUMP","2026-03-01","10100000","9781760","10510283","0.93","0.97"
"COST000901","PRJ023","EQP-SCAF","2026-04-01","16500000","16166194","15549596","1.04","0.98"
"COST000902","PRJ023","SUB-FACADE","2026-05-01","2500000","2541399","2436050","1.04","1.02"
"COST000903","PRJ023","OVH-SITE","2026-06-01","16100000","16373005","15054008","1.09","1.02"
"COST000904","PRJ023","SUB-STRC","2026-07-01","8500000","6576557","10550985","0.62","0.77"
"COST000905","PRJ023","LAB-REBR","2026-08-01","12200000","11309904","13282890","0.85","0.93"
"COST000906","PRJ023","LAB-SAF","2026-09-01","9200000","9771932","8519428","1.15","1.06"
"COST000907","PRJ023","MAT-AGG","2024-10-01","5900000","5975406","5617157","1.06","1.01"
"COST000908","PRJ023","EQP-CRANE","2024-11-01","8300000","7337564","7822697","0.94","0.88"
"COST000909","PRJ023","EQP-GEN","2024-12-01","17000000","18218674","15324715","1.19","1.07"
"COST000910","PRJ023","SUB-MEP","2025-01-01","12600000","11907549","11492051","1.04","0.95"
"COST000911","PRJ023","SUB-EXT","2025-02-01","1700000","1707006","1655715","1.03","1"
"COST000912","PRJ023","OVH-HSE","2025-03-01","11900000","12158891","11937259","1.02","1.02"
"COST000913","PRJ023","MAT-STEEL","2025-04-01","8500000","5529832","10518921","0.53","0.65"
"COST000914","PRJ023","LAB-FIN","2025-05-01","11800000","12612830","11504850","1.1","1.07"
"COST000915","PRJ023","MAT-STEEL","2025-06-01","2100000","2042745","1954841","1.04","0.97"
"COST000916","PRJ023","MAT-FIN","2025-07-01","5900000","5438407","6329662","0.86","0.92"
"COST000917","PRJ023","EQP-EARTH","2025-08-01","13800000","13669514","12510490","1.09","0.99"
"COST000918","PRJ023","SUB-STRC","2025-09-01","16300000","14855897","15776236","0.94","0.91"
"COST000919","PRJ023","SUB-WTR","2025-10-01","3200000","3354060","2874304","1.17","1.05"
"COST000920","PRJ023","OVH-QA","2025-11-01","7200000","7654948","7427933","1.03","1.06"
"COST000921","PRJ024","EQP-PUMP","2026-09-01","14000000","14381794","14397031","1","1.03"
"COST000922","PRJ024","EQP-SCAF","2024-10-01","1800000","1750534","1729310","1.01","0.97"
"COST000923","PRJ024","SUB-FACADE","2024-11-01","11200000","10716040","10073655","1.06","0.96"
"COST000924","PRJ024","OVH-SITE","2024-12-01","5900000","5500664","6295613","0.87","0.93"
"COST000925","PRJ024","OVH-UTIL","2025-01-01","11000000","11110956","11605155","0.96","1.01"
"COST000926","PRJ024","MAT-STEEL","2025-02-01","6000000","4264412","7704405","0.55","0.71"
"COST000927","PRJ024","LAB-SAF","2025-03-01","6000000","5887837","6434160","0.92","0.98"
"COST000928","PRJ024","MAT-AGG","2025-04-01","11200000","11153351","11711278","0.95","1"
"COST000929","PRJ024","EQP-CRANE","2025-05-01","6400000","6561952","5851717","1.12","1.03"
"COST000930","PRJ024","EQP-GEN","2025-06-01","14400000","14658514","14711205","1","1.02"
"COST000931","PRJ024","SUB-MEP","2025-07-01","15200000","16274244","16127593","1.01","1.07"
"COST000932","PRJ024","SUB-EXT","2025-08-01","5900000","5205595","6247460","0.83","0.88"
"COST000933","PRJ024","OVH-HSE","2025-09-01","16900000","16737999","16745769","1","0.99"
"COST000934","PRJ024","LAB-CARP","2025-10-01","13300000","13461106","13028492","1.03","1.01"
"COST000935","PRJ024","EQP-CRANE","2025-11-01","2500000","1600574","3322678","0.48","0.64"
"COST000936","PRJ024","MAT-STEEL","2025-12-01","8100000","7263263","8433346","0.86","0.9"
"COST000937","PRJ024","MAT-FIN","2026-01-01","7500000","7567829","7423583","1.02","1.01"
"COST000938","PRJ024","EQP-EARTH","2026-02-01","2800000","2969369","3076929","0.97","1.06"
"COST000939","PRJ024","SUB-STRC","2026-03-01","10400000","9394516","10223597","0.92","0.9"
"COST000940","PRJ024","SUB-WTR","2026-04-01","15600000","14198634","16223300","0.88","0.91"
"COST000941","PRJ024","OVH-QA","2026-05-01","11600000","10306710","11159832","0.92","0.89"
"COST000942","PRJ024","OVH-ADM","2026-06-01","800000","744049","763549","0.97","0.93"
"COST000943","PRJ024","LAB-MEP","2026-07-01","4200000","4130912","4431103","0.93","0.98"
"COST000944","PRJ024","SUB-STRC","2026-08-01","11000000","6911714","14675686","0.47","0.63"
"COST000945","PRJ024","MAT-BLK","2026-09-01","8100000","7887549","7477543","1.05","0.97"
"COST000946","PRJ024","EQP-PUMP","2024-10-01","12600000","13312862","11987159","1.11","1.06"
"COST000947","PRJ024","EQP-SCAF","2024-11-01","16600000","15432646","16215309","0.95","0.93"
"COST000948","PRJ024","SUB-FACADE","2024-12-01","13200000","14227747","12036514","1.18","1.08"
"COST000949","PRJ024","OVH-SITE","2025-01-01","12600000","11809599","13181897","0.9","0.94"
"COST000950","PRJ024","OVH-UTIL","2025-02-01","3400000","3175451","3685482","0.86","0.93"
"COST000951","PRJ024","LAB-REBR","2025-03-01","9700000","9980806","10449866","0.96","1.03"
"COST000952","PRJ024","LAB-SAF","2025-04-01","8900000","9523554","8701892","1.09","1.07"
"COST000953","PRJ024","MAT-STEEL","2025-05-01","17700000","13238085","22405688","0.59","0.75"
"COST000954","PRJ024","EQP-CRANE","2025-06-01","5700000","5591587","5422037","1.03","0.98"
"COST000955","PRJ024","EQP-GEN","2025-07-01","14000000","13529518","12369831","1.09","0.97"
"COST000956","PRJ024","SUB-MEP","2025-08-01","1800000","1855686","1615868","1.15","1.03"
"COST000957","PRJ024","SUB-EXT","2025-09-01","1100000","1003118","1102698","0.91","0.91"
"COST000958","PRJ024","OVH-HSE","2025-10-01","2400000","2506798","2189687","1.14","1.04"
"COST000959","PRJ024","LAB-CARP","2025-11-01","9200000","9478118","9315803","1.02","1.03"
"COST000960","PRJ024","LAB-FIN","2025-12-01","6000000","5434826","6132729","0.89","0.91"
"COST000961","PRJ025","SUB-WTR","2024-10-01","12600000","12171887","11264072","1.08","0.97"
"COST000962","PRJ025","OVH-QA","2024-11-01","15900000","16252934","16082453","1.01","1.02"
"COST000963","PRJ025","OVH-ADM","2024-12-01","10700000","10819210","9580417","1.13","1.01"
"COST000964","PRJ025","LAB-MEP","2025-01-01","14700000","14797313","13782716","1.07","1.01"
"COST000965","PRJ025","MAT-CEM","2025-02-01","5800000","5305435","5396127","0.98","0.91"
"COST000966","PRJ025","MAT-STEEL","2025-03-01","8100000","6152823","11083620","0.56","0.76"
"COST000967","PRJ025","EQP-PUMP","2025-04-01","12000000","11684747","10798292","1.08","0.97"
"COST000968","PRJ025","EQP-SCAF","2025-05-01","5200000","5127370","4594740","1.12","0.99"
"COST000969","PRJ025","SUB-FACADE","2025-06-01","4200000","4465097","4608413","0.97","1.06"
"COST000970","PRJ025","OVH-SITE","2025-07-01","12200000","12762264","11599245","1.1","1.05"
"COST000971","PRJ025","OVH-UTIL","2025-08-01","14600000","15486692","13621943","1.14","1.06"
"COST000972","PRJ025","LAB-REBR","2025-09-01","1600000","1534839","1691484","0.91","0.96"
"COST000973","PRJ025","LAB-SAF","2025-10-01","3400000","3466211","3169774","1.09","1.02"
"COST000974","PRJ025","MAT-AGG","2025-11-01","3800000","3444773","3458389","1","0.91"
"COST000975","PRJ025","EQP-CRANE","2025-12-01","3100000","2099332","3776545","0.56","0.68"
"COST000976","PRJ025","EQP-GEN","2026-01-01","3100000","3331212","2955820","1.13","1.07"
"COST000977","PRJ025","SUB-MEP","2026-02-01","1000000","1045229","979258","1.07","1.05"
"COST000978","PRJ025","SUB-EXT","2026-03-01","2400000","2381486","2164582","1.1","0.99"
"COST000979","PRJ025","OVH-HSE","2026-04-01","11300000","11443635","10691992","1.07","1.01"
"COST000980","PRJ025","LAB-CARP","2026-05-01","9300000","8828732","9399023","0.94","0.95"
"COST000981","PRJ025","LAB-FIN","2026-06-01","10700000","10786736","11216884","0.96","1.01"
"COST000982","PRJ025","MAT-STEEL","2026-07-01","14200000","15214548","13421901","1.13","1.07"
"COST000983","PRJ025","MAT-FIN","2026-08-01","16800000","16720957","15374496","1.09","1"
"COST000984","PRJ025","SUB-STRC","2026-09-01","3700000","2675166","4811565","0.56","0.72"
"COST000985","PRJ025","SUB-STRC","2024-10-01","13200000","13010667","13169941","0.99","0.99"
"COST000986","PRJ025","SUB-WTR","2024-11-01","5400000","5653477","5813290","0.97","1.05"
"COST000987","PRJ025","OVH-QA","2024-12-01","3200000","3159626","3450402","0.92","0.99"
"COST000988","PRJ025","OVH-ADM","2025-01-01","900000","947084","975260","0.97","1.05"
"COST000989","PRJ025","LAB-MEP","2025-02-01","10700000","10245642","11346906","0.9","0.96"
"COST000990","PRJ025","MAT-CEM","2025-03-01","16800000","15094276","18352684","0.82","0.9"
"COST000991","PRJ025","MAT-BLK","2025-04-01","11300000","11388962","10357058","1.1","1.01"
"COST000992","PRJ025","EQP-PUMP","2025-05-01","3200000","3107178","3453706","0.9","0.97"
"COST000993","PRJ025","MAT-STEEL","2025-06-01","2900000","2302034","3521603","0.65","0.79"
"COST000994","PRJ025","SUB-FACADE","2025-07-01","16500000","14522874","15219307","0.95","0.88"
"COST000995","PRJ025","OVH-SITE","2025-08-01","10800000","10678872","11187117","0.95","0.99"
"COST000996","PRJ025","OVH-UTIL","2025-09-01","1400000","1451771","1443996","1.01","1.04"
"COST000997","PRJ025","LAB-REBR","2025-10-01","9300000","8998204","8410034","1.07","0.97"
"COST000998","PRJ025","LAB-SAF","2025-11-01","17700000","17196646","17184689","1","0.97"
"COST000999","PRJ025","MAT-AGG","2025-12-01","5400000","4938793","5521796","0.89","0.91"
"COST001000","PRJ025","EQP-CRANE","2026-01-01","11400000","10744660","11327340","0.95","0.94"
"COST001001","PRJ026","LAB-CARP","2024-11-01","13800000","12818366","13697381","0.94","0.93"
"COST001002","PRJ026","LAB-FIN","2024-12-01","5000000","4691838","5052270","0.93","0.94"
"COST001003","PRJ026","MAT-STEEL","2025-01-01","11500000","11252633","11645831","0.97","0.98"
"COST001004","PRJ026","MAT-FIN","2025-02-01","6100000","5617754","5995653","0.94","0.92"
"COST001005","PRJ026","EQP-EARTH","2025-03-01","8900000","9551886","8305012","1.15","1.07"
"COST001006","PRJ026","MAT-STEEL","2025-04-01","9200000","7361944","11647976","0.63","0.8"
"COST001007","PRJ026","SUB-WTR","2025-05-01","6600000","6105952","5870687","1.04","0.93"
"COST001008","PRJ026","OVH-QA","2025-06-01","16800000","17986800","15747991","1.14","1.07"
"COST001009","PRJ026","OVH-ADM","2025-07-01","2100000","2011363","2055072","0.98","0.96"
"COST001010","PRJ026","LAB-MEP","2025-08-01","3300000","2980763","3213307","0.93","0.9"
"COST001011","PRJ026","MAT-CEM","2025-09-01","5800000","5190146","5400680","0.96","0.89"
"COST001012","PRJ026","MAT-BLK","2025-10-01","9700000","8623879","10064247","0.86","0.89"
"COST001013","PRJ026","EQP-PUMP","2025-11-01","9800000","10136791","8831405","1.15","1.03"
"COST001014","PRJ026","EQP-SCAF","2025-12-01","7100000","7019558","6511016","1.08","0.99"
"COST001015","PRJ026","EQP-CRANE","2026-01-01","17600000","11668872","21140562","0.55","0.66"
"COST001016","PRJ026","OVH-SITE","2026-02-01","17300000","16552831","16115499","1.03","0.96"
"COST001017","PRJ026","OVH-UTIL","2026-03-01","1800000","1608417","1763472","0.91","0.89"
"COST001018","PRJ026","LAB-REBR","2026-04-01","6100000","5948153","5731703","1.04","0.98"
"COST001019","PRJ026","LAB-SAF","2026-05-01","17900000","18908392","19001602","1","1.06"
"COST001020","PRJ026","MAT-AGG","2026-06-01","2600000","2307396","2472180","0.93","0.89"
"COST001021","PRJ026","EQP-CRANE","2026-07-01","6900000","6113466","7310524","0.84","0.89"
"COST001022","PRJ026","EQP-GEN","2026-08-01","6100000","6214678","5430519","1.14","1.02"
"COST001023","PRJ026","SUB-MEP","2026-09-01","9400000","8859796","8583351","1.03","0.94"
"COST001024","PRJ026","SUB-STRC","2024-10-01","15300000","9577119","18024129","0.53","0.63"
"COST001025","PRJ026","OVH-HSE","2024-11-01","2900000","3064636","2853110","1.07","1.06"
"COST001026","PRJ026","LAB-CARP","2024-12-01","10500000","10152920","9299197","1.09","0.97"
"COST001027","PRJ026","LAB-FIN","2025-01-01","6500000","6211248","5837295","1.06","0.96"
"COST001028","PRJ026","MAT-STEEL","2025-02-01","15300000","14589208","15822304","0.92","0.95"
"COST001029","PRJ026","MAT-FIN","2025-03-01","8400000","8910667","8816168","1.01","1.06"
"COST001030","PRJ026","EQP-EARTH","2025-04-01","12700000","12372813","11738622","1.05","0.97"
"COST001031","PRJ026","SUB-STRC","2025-05-01","14800000","13685685","15397310","0.89","0.92"
"COST001032","PRJ026","SUB-WTR","2025-06-01","14500000","13612753","15692226","0.87","0.94"
"COST001033","PRJ026","MAT-STEEL","2025-07-01","7600000","6105782","10184548","0.6","0.8"
"COST001034","PRJ026","OVH-ADM","2025-08-01","8000000","7359859","8723425","0.84","0.92"
"COST001035","PRJ026","LAB-MEP","2025-09-01","12600000","13490427","12168832","1.11","1.07"
"COST001036","PRJ026","MAT-CEM","2025-10-01","11900000","10772620","12147202","0.89","0.91"
"COST001037","PRJ026","MAT-BLK","2025-11-01","5100000","5194670","4681361","1.11","1.02"
"COST001038","PRJ026","EQP-PUMP","2025-12-01","15600000","16533929","15553463","1.06","1.06"
"COST001039","PRJ026","EQP-SCAF","2026-01-01","7200000","6789631","6772039","1","0.94"
"COST001040","PRJ026","SUB-FACADE","2026-02-01","5300000","4871417","5256066","0.93","0.92"
"COST001041","PRJ027","MAT-AGG","2024-12-01","13800000","12385832","14921900","0.83","0.9"
"COST001042","PRJ027","EQP-CRANE","2025-01-01","10200000","10071723","9020769","1.12","0.99"
"COST001043","PRJ027","EQP-GEN","2025-02-01","17600000","18503490","15892975","1.16","1.05"
"COST001044","PRJ027","SUB-MEP","2025-03-01","16900000","17244022","18461651","0.93","1.02"
"COST001045","PRJ027","SUB-EXT","2025-04-01","13500000","12597383","14820615","0.85","0.93"
"COST001046","PRJ027","MAT-STEEL","2025-05-01","9600000","7203869","12972286","0.56","0.75"
"COST001047","PRJ027","LAB-CARP","2025-06-01","5300000","5229417","5150031","1.02","0.99"
"COST001048","PRJ027","LAB-FIN","2025-07-01","8100000","7484013","8007518","0.93","0.92"
"COST001049","PRJ027","MAT-STEEL","2025-08-01","17900000","17750455","16328177","1.09","0.99"
"COST001050","PRJ027","MAT-FIN","2025-09-01","10000000","9211053","9517913","0.97","0.92"
"COST001051","PRJ027","EQP-EARTH","2025-10-01","2500000","2687484","2598975","1.03","1.07"
"COST001052","PRJ027","SUB-STRC","2025-11-01","15100000","13865334","13559424","1.02","0.92"
"COST001053","PRJ027","SUB-WTR","2025-12-01","16200000","17123037","16798781","1.02","1.06"
"COST001054","PRJ027","OVH-QA","2026-01-01","2100000","2180307","1948479","1.12","1.04"
"COST001055","PRJ027","EQP-CRANE","2026-02-01","15600000","12618493","18494855","0.68","0.81"
"COST001056","PRJ027","LAB-MEP","2026-03-01","13400000","12549464","13794476","0.91","0.94"
"COST001057","PRJ027","MAT-CEM","2026-04-01","3600000","3346716","3599441","0.93","0.93"
"COST001058","PRJ027","MAT-BLK","2026-05-01","3900000","4105626","4106178","1","1.05"
"COST001059","PRJ027","EQP-PUMP","2026-06-01","11300000","11985649","12054757","0.99","1.06"
"COST001060","PRJ027","EQP-SCAF","2026-07-01","14700000","13423901","13890217","0.97","0.91"
"COST001061","PRJ027","SUB-FACADE","2026-08-01","7500000","7952938","7754937","1.03","1.06"
"COST001062","PRJ027","OVH-SITE","2026-09-01","4500000","4161410","4939582","0.84","0.92"
"COST001063","PRJ027","OVH-UTIL","2024-10-01","5400000","5015096","5499721","0.91","0.93"
"COST001064","PRJ027","SUB-STRC","2024-11-01","15200000","9942777","19521968","0.51","0.65"
"COST001065","PRJ027","LAB-SAF","2024-12-01","2600000","2646581","2814676","0.94","1.02"
"COST001066","PRJ027","MAT-AGG","2025-01-01","14200000","13616924","14176217","0.96","0.96"
"COST001067","PRJ027","EQP-CRANE","2025-02-01","12100000","11915149","12237753","0.97","0.98"
"COST001068","PRJ027","EQP-GEN","2025-03-01","17600000","16859595","18530589","0.91","0.96"
"COST001069","PRJ027","SUB-MEP","2025-04-01","5500000","4956549","5290305","0.94","0.9"
"COST001070","PRJ027","SUB-EXT","2025-05-01","4200000","3872667","4203103","0.92","0.92"
"COST001071","PRJ027","OVH-HSE","2025-06-01","1900000","1822781","2082638","0.88","0.96"
"COST001072","PRJ027","LAB-CARP","2025-07-01","2200000","1977387","2142967","0.92","0.9"
"COST001073","PRJ027","MAT-STEEL","2025-08-01","10100000","6669754","13590901","0.49","0.66"
"COST001074","PRJ027","MAT-STEEL","2025-09-01","4000000","3712080","3742899","0.99","0.93"
"COST001075","PRJ027","MAT-FIN","2025-10-01","3000000","3067870","2888992","1.06","1.02"
"COST001076","PRJ027","EQP-EARTH","2025-11-01","6700000","6937228","6776441","1.02","1.04"
"COST001077","PRJ027","SUB-STRC","2025-12-01","8500000","7846543","7936645","0.99","0.92"
"COST001078","PRJ027","SUB-WTR","2026-01-01","14500000","14603997","14702155","0.99","1.01"
"COST001079","PRJ027","OVH-QA","2026-02-01","6900000","7277132","6895942","1.06","1.05"
"COST001080","PRJ027","OVH-ADM","2026-03-01","1200000","1202068","1219158","0.99","1"
"COST001081","PRJ028","EQP-SCAF","2025-01-01","2200000","2296122","2390248","0.96","1.04"
"COST001082","PRJ028","SUB-FACADE","2025-02-01","7700000","6810371","8198651","0.83","0.88"
"COST001083","PRJ028","OVH-SITE","2025-03-01","3200000","3161383","3322135","0.95","0.99"
"COST001084","PRJ028","OVH-UTIL","2025-04-01","3400000","3423232","3148101","1.09","1.01"
"COST001085","PRJ028","LAB-REBR","2025-05-01","9000000","9157226","9891612","0.93","1.02"
"COST001086","PRJ028","MAT-STEEL","2025-06-01","6400000","4132178","8663968","0.48","0.65"
"COST001087","PRJ028","MAT-AGG","2025-07-01","17900000","18817596","19234814","0.98","1.05"
"COST001088","PRJ028","EQP-CRANE","2025-08-01","10200000","10126800","9952944","1.02","0.99"
"COST001089","PRJ028","EQP-GEN","2025-09-01","5500000","5159420","5003678","1.03","0.94"
"COST001090","PRJ028","SUB-MEP","2025-10-01","7300000","7083305","6888538","1.03","0.97"
"COST001091","PRJ028","SUB-EXT","2025-11-01","16600000","15527162","16146519","0.96","0.94"
"COST001092","PRJ028","OVH-HSE","2025-12-01","12100000","11649001","12225974","0.95","0.96"
"COST001093","PRJ028","LAB-CARP","2026-01-01","3000000","2874642","3295634","0.87","0.96"
"COST001094","PRJ028","LAB-FIN","2026-02-01","5600000","5253508","5024140","1.05","0.94"
"COST001095","PRJ028","EQP-CRANE","2026-03-01","4100000","2860554","4814239","0.59","0.7"
"COST001096","PRJ028","MAT-FIN","2026-04-01","17700000","18789017","19176618","0.98","1.06"
"COST001097","PRJ028","EQP-EARTH","2026-05-01","1900000","1837570","1913132","0.96","0.97"
"COST001098","PRJ028","SUB-STRC","2026-06-01","6000000","5841214","5868937","1","0.97"
"COST001099","PRJ028","SUB-WTR","2026-07-01","13300000","13349812","12392557","1.08","1"
"COST001100","PRJ028","OVH-QA","2026-08-01","13400000","11874894","12029734","0.99","0.89"
"COST001101","PRJ028","OVH-ADM","2026-09-01","4600000","4539647","4738620","0.96","0.99"
"COST001102","PRJ028","LAB-MEP","2024-10-01","11300000","10597152","10994173","0.96","0.94"
"COST001103","PRJ028","MAT-CEM","2024-11-01","14600000","13678686","13477504","1.01","0.94"
"COST001104","PRJ028","SUB-STRC","2024-12-01","8800000","6046534","11734003","0.52","0.69"
"COST001105","PRJ028","EQP-PUMP","2025-01-01","2600000","2420764","2849934","0.85","0.93"
"COST001106","PRJ028","EQP-SCAF","2025-02-01","17600000","18056778","16338072","1.11","1.03"
"COST001107","PRJ028","SUB-FACADE","2025-03-01","2400000","2233916","2212232","1.01","0.93"
"COST001108","PRJ028","OVH-SITE","2025-04-01","5300000","5122464","4932512","1.04","0.97"
"COST001109","PRJ028","OVH-UTIL","2025-05-01","8800000","9457439","9189820","1.03","1.07"
"COST001110","PRJ028","LAB-REBR","2025-06-01","12900000","13755783","13966334","0.98","1.07"
"COST001111","PRJ028","LAB-SAF","2025-07-01","2100000","1917706","1853819","1.03","0.91"
"COST001112","PRJ028","MAT-AGG","2025-08-01","1200000","1124008","1191715","0.94","0.94"
"COST001113","PRJ028","MAT-STEEL","2025-09-01","8500000","6837325","10193659","0.67","0.8"
"COST001114","PRJ028","EQP-GEN","2025-10-01","17400000","17266531","15983113","1.08","0.99"
"COST001115","PRJ028","SUB-MEP","2025-11-01","9800000","9860533","9282167","1.06","1.01"
"COST001116","PRJ028","SUB-EXT","2025-12-01","4700000","4374416","5110452","0.86","0.93"
"COST001117","PRJ028","OVH-HSE","2026-01-01","14000000","14752139","15367841","0.96","1.05"
"COST001118","PRJ028","LAB-CARP","2026-02-01","1300000","1292367","1163654","1.11","0.99"
"COST001119","PRJ028","LAB-FIN","2026-03-01","2300000","2245029","2253606","1","0.98"
"COST001120","PRJ028","MAT-STEEL","2026-04-01","10200000","9718641","10336066","0.94","0.95"
"COST001121","PRJ029","OVH-QA","2025-02-01","12500000","12463333","11169056","1.12","1"
"COST001122","PRJ029","OVH-ADM","2025-03-01","9500000","9697648","9558311","1.01","1.02"
"COST001123","PRJ029","LAB-MEP","2025-04-01","11700000","11077308","11184124","0.99","0.95"
"COST001124","PRJ029","MAT-CEM","2025-05-01","5900000","5480287","5973941","0.92","0.93"
"COST001125","PRJ029","MAT-BLK","2025-06-01","13000000","12261203","12608052","0.97","0.94"
"COST001126","PRJ029","MAT-STEEL","2025-07-01","15700000","9861094","21063871","0.47","0.63"
"COST001127","PRJ029","EQP-SCAF","2025-08-01","14200000","12793911","13858829","0.92","0.9"
"COST001128","PRJ029","SUB-FACADE","2025-09-01","5700000","5396619","5865182","0.92","0.95"
"COST001129","PRJ029","OVH-SITE","2025-10-01","8400000","7478941","8895547","0.84","0.89"
"COST001130","PRJ029","OVH-UTIL","2025-11-01","13200000","12237512","13364943","0.92","0.93"
"COST001131","PRJ029","LAB-REBR","2025-12-01","3600000","3265899","3260040","1","0.91"
"COST001132","PRJ029","LAB-SAF","2026-01-01","16200000","15601838","17487151","0.89","0.96"
"COST001133","PRJ029","MAT-AGG","2026-02-01","9800000","9665456","9186539","1.05","0.99"
"COST001134","PRJ029","EQP-CRANE","2026-03-01","12200000","11168345","11484538","0.97","0.92"
"COST001135","PRJ029","EQP-CRANE","2026-04-01","13800000","10049010","17481535","0.57","0.73"
"COST001136","PRJ029","SUB-MEP","2026-05-01","17000000","15723189","18388167","0.86","0.92"
"COST001137","PRJ029","SUB-EXT","2026-06-01","17200000","15567256","15162547","1.03","0.91"
"COST001138","PRJ029","OVH-HSE","2026-07-01","11400000","11368533","12205937","0.93","1"
"COST001139","PRJ029","LAB-CARP","2026-08-01","3200000","3112431","2882976","1.08","0.97"
"COST001140","PRJ029","LAB-FIN","2026-09-01","5200000","4856461","5125375","0.95","0.93"
"COST001141","PRJ029","MAT-STEEL","2024-10-01","6500000","6710791","5748640","1.17","1.03"
"COST001142","PRJ029","MAT-FIN","2024-11-01","12000000","11441100","10627218","1.08","0.95"
"COST001143","PRJ029","EQP-EARTH","2024-12-01","13500000","13952430","12640299","1.1","1.03"
"COST001144","PRJ029","SUB-STRC","2025-01-01","16200000","12133402","20289001","0.6","0.75"
"COST001145","PRJ029","SUB-WTR","2025-02-01","17600000","17045299","15636414","1.09","0.97"
"COST001146","PRJ029","OVH-QA","2025-03-01","12200000","11165675","11234685","0.99","0.92"
"COST001147","PRJ029","OVH-ADM","2025-04-01","16500000","15978734","18129813","0.88","0.97"
"COST001148","PRJ029","LAB-MEP","2025-05-01","8500000","7624161","7911387","0.96","0.9"
"COST001149","PRJ029","MAT-CEM","2025-06-01","6200000","6287930","5687870","1.11","1.01"
"COST001150","PRJ029","MAT-BLK","2025-07-01","4800000","5052207","4723767","1.07","1.05"
"COST001151","PRJ029","EQP-PUMP","2025-08-01","6100000","6506742","5973763","1.09","1.07"
"COST001152","PRJ029","EQP-SCAF","2025-09-01","5700000","5847516","5722523","1.02","1.03"
"COST001153","PRJ029","MAT-STEEL","2025-10-01","3900000","2543529","4550942","0.56","0.65"
"COST001154","PRJ029","OVH-SITE","2025-11-01","11500000","11258494","11533874","0.98","0.98"
"COST001155","PRJ029","OVH-UTIL","2025-12-01","15600000","16423264","16396769","1","1.05"
"COST001156","PRJ029","LAB-REBR","2026-01-01","4000000","4132276","3772542","1.1","1.03"
"COST001157","PRJ029","LAB-SAF","2026-02-01","12000000","10741368","12585137","0.85","0.9"
"COST001158","PRJ029","MAT-AGG","2026-03-01","15000000","13737894","15318968","0.9","0.92"
"COST001159","PRJ029","EQP-CRANE","2026-04-01","2800000","2530556","2828714","0.89","0.9"
"COST001160","PRJ029","EQP-GEN","2026-05-01","1100000","1137756","1186557","0.96","1.03"
"COST001161","PRJ030","LAB-FIN","2025-03-01","14000000","14435567","13428386","1.08","1.03"
"COST001162","PRJ030","MAT-STEEL","2025-04-01","1400000","1379070","1267758","1.09","0.99"
"COST001163","PRJ030","MAT-FIN","2025-05-01","14100000","15035136","13247443","1.13","1.07"
"COST001164","PRJ030","EQP-EARTH","2025-06-01","16100000","17245761","15145468","1.14","1.07"
"COST001165","PRJ030","SUB-STRC","2025-07-01","17700000","16716824","18886473","0.89","0.94"
"COST001166","PRJ030","MAT-STEEL","2025-08-01","18000000","11829785","21570089","0.55","0.66"
"COST001167","PRJ030","OVH-QA","2025-09-01","11700000","10607365","10582199","1","0.91"
"COST001168","PRJ030","OVH-ADM","2025-10-01","12500000","12374491","12677454","0.98","0.99"
"COST001169","PRJ030","LAB-MEP","2025-11-01","800000","860847","744458","1.16","1.08"
"COST001170","PRJ030","MAT-CEM","2025-12-01","14800000","15809641","15780686","1","1.07"
"COST001171","PRJ030","MAT-BLK","2026-01-01","17000000","17027645","16772577","1.02","1"
"COST001172","PRJ030","EQP-PUMP","2026-02-01","17900000","18575087","17036930","1.09","1.04"
"COST001173","PRJ030","EQP-SCAF","2026-03-01","3400000","3605987","3050247","1.18","1.06"
"COST001174","PRJ030","SUB-FACADE","2026-04-01","14100000","15134601","13119113","1.15","1.07"
"COST001175","PRJ030","EQP-CRANE","2026-05-01","1300000","911089","1671505","0.55","0.7"
"COST001176","PRJ030","OVH-UTIL","2026-06-01","3200000","3155620","3468321","0.91","0.99"
"COST001177","PRJ030","LAB-REBR","2026-07-01","6000000","5762625","5761004","1","0.96"
"COST001178","PRJ030","LAB-SAF","2026-08-01","10000000","10197385","10631126","0.96","1.02"
"COST001179","PRJ030","MAT-AGG","2026-09-01","3200000","3413145","3499340","0.98","1.07"
"COST001180","PRJ030","EQP-CRANE","2024-10-01","11500000","11902865","10528048","1.13","1.04"
"COST001181","PRJ030","EQP-GEN","2024-11-01","15600000","15274278","17119901","0.89","0.98"
"COST001182","PRJ030","SUB-MEP","2024-12-01","16200000","14379752","15006341","0.96","0.89"
"COST001183","PRJ030","SUB-EXT","2025-01-01","7800000","7458283","7085969","1.05","0.96"
"COST001184","PRJ030","SUB-STRC","2025-02-01","2000000","1580571","2493157","0.63","0.79"
"COST001185","PRJ030","LAB-CARP","2025-03-01","10300000","10999841","9731947","1.13","1.07"
"COST001186","PRJ030","LAB-FIN","2025-04-01","17200000","16726243","17006000","0.98","0.97"
"COST001187","PRJ030","MAT-STEEL","2025-05-01","7200000","6613387","7813947","0.85","0.92"
"COST001188","PRJ030","MAT-FIN","2025-06-01","16200000","16319302","14895575","1.1","1.01"
"COST001189","PRJ030","EQP-EARTH","2025-07-01","1100000","1059294","1142915","0.93","0.96"
"COST001190","PRJ030","SUB-STRC","2025-08-01","12600000","11598573","12342311","0.94","0.92"
"COST001191","PRJ030","SUB-WTR","2025-09-01","10800000","11471037","11654373","0.98","1.06"
"COST001192","PRJ030","OVH-QA","2025-10-01","16600000","14938964","17945932","0.83","0.9"
"COST001193","PRJ030","MAT-STEEL","2025-11-01","12900000","8355278","15436151","0.54","0.65"
"COST001194","PRJ030","LAB-MEP","2025-12-01","17100000","18157473","17182834","1.06","1.06"
"COST001195","PRJ030","MAT-CEM","2026-01-01","16000000","16241335","16718623","0.97","1.02"
"COST001196","PRJ030","MAT-BLK","2026-02-01","9000000","9257509","8286579","1.12","1.03"
"COST001197","PRJ030","EQP-PUMP","2026-03-01","1500000","1432875","1400195","1.02","0.96"
"COST001198","PRJ030","EQP-SCAF","2026-04-01","13600000","12748407","12478261","1.02","0.94"
"COST001199","PRJ030","SUB-FACADE","2026-05-01","11700000","11408693","12549253","0.91","0.98"
"COST001200","PRJ030","OVH-SITE","2026-06-01","2600000","2692494","2432231","1.11","1.04"
